agency_id,agency_business_entity_name,client_name
786,2Triple4 Financial Group Pty Ltd,AUSSEAWALL Pty Ltd
786,2Triple4 Financial Group Pty Ltd,Tideline Construction Pty Ltd
271,A D Evers-Buckland,Geoff RM Howard
271,A D Evers-Buckland,Wonthaggi Life Saving Club
605,ABAKUS - Aircraft and Aviation Specialists Pty Limited,Rafael  Advanced Defense Systems Limited
605,ABAKUS - Aircraft and Aviation Specialists Pty Limited,Aeronautics System Ltd
605,ABAKUS - Aircraft and Aviation Specialists Pty Limited,AMST GmbH
1810,Absolute Certified Equipment Appraisals  Business Pty Ltd,Aircraft Structural Contractors Pty Ltd
746,Advisory Street Pty Ltd,Bank of Queensland
36,Aegis Consulting Group Pty Ltd,One80TC
36,Aegis Consulting Group Pty Ltd,Re Group
104,Alkar Pty Ltd,NT Airports
104,Alkar Pty Ltd,Galbraith & Co.
104,Alkar Pty Ltd,Tabcorp
104,Alkar Pty Ltd,GenesisCare
104,Alkar Pty Ltd,FoxStrategic
104,Alkar Pty Ltd,Latrobe City Council
104,Alkar Pty Ltd,OnDigital
104,Alkar Pty Ltd,Royal Brunei Airlines
788,All Points North Advisory Pty Ltd,A Gabrielli Constructions Pty Ltd
788,All Points North Advisory Pty Ltd,UDP Consulting Engineers
788,All Points North Advisory Pty Ltd,Mendi Cionstructions
788,All Points North Advisory Pty Ltd,RMS Construction
788,All Points North Advisory Pty Ltd,Civil Plus
788,All Points North Advisory Pty Ltd,Pacific Blue Capital
671,ALSADA TECHNOLOGY PTY. LIMITED ,L-3 Narda-MITEQ
671,ALSADA TECHNOLOGY PTY. LIMITED ,L-3 Communications 
671,ALSADA TECHNOLOGY PTY. LIMITED ,L3 Technologies
745,AMG Consulting Services Pty Ltd,TexSkill
745,AMG Consulting Services Pty Ltd,Vet Connections
745,AMG Consulting Services Pty Ltd,Phoenix Compliance 
666,APEC Lawyers and Consultants Pty Ltd.,Australian Chinese General Chamber of Business
415,APS Networking Pty Ltd,Clubs Australia
415,APS Networking Pty Ltd,Clubs NSW
588,Argos Consulting,Phoenix Compliance Management Pty Ltd
588,Argos Consulting,Daily Update Pty Ltd
499,Asia Pacific Corporation Pty Ltd,Marketplace Communications
770,Asys Consulting,Energy Developments Limited
770,Asys Consulting,First State Super
770,Asys Consulting,The Little Blue Dinosaur Foundation
63,AusAccess Unit Trust,Global Defence Industries
63,AusAccess Unit Trust,TECC Pty Ltd
63,AusAccess Unit Trust,Aboriginal AG-Arts Residency Kenmore Limited
63,AusAccess Unit Trust,Berrigan District Aged Care Association
63,AusAccess Unit Trust,Daewoo Shipbuilding and Marine Engineering (DSME)
63,AusAccess Unit Trust,Hanwha Techwin
63,AusAccess Unit Trust,Australian Indigenous Alpine Sports Foundation
63,AusAccess Unit Trust,Merck Sharp and Dohme (MSD)
63,AusAccess Unit Trust,OptiComm
747,Australian Industry Facilitation,Partech Systems Pty Ltd
747,Australian Industry Facilitation,Leonardo SpA
747,Australian Industry Facilitation,Leonanrdo MW Ltd
234,Australian Project Developments Pty. Ltd.,Cape York Sustainable Futures
234,Australian Project Developments Pty. Ltd.,HydroSun Ltd
234,Australian Project Developments Pty. Ltd.,Adelaide City Council
234,Australian Project Developments Pty. Ltd.,Alexandrina Council
234,Australian Project Developments Pty. Ltd.,Wakefield Group
234,Australian Project Developments Pty. Ltd.,Canberra Airport
234,Australian Project Developments Pty. Ltd.,AustraliaNZ Regional Association Science International
45,Australian Public Affairs Limited Partnership,Access Testing Pty Ltd
45,Australian Public Affairs Limited Partnership,Rirratingu Aboriginal Corporation
45,Australian Public Affairs Limited Partnership,Bunuwal Investments Pty Ltd
45,Australian Public Affairs Limited Partnership,The Tipping Point Group
45,Australian Public Affairs Limited Partnership,Santos
45,Australian Public Affairs Limited Partnership,Australian Vaping Advocacy Trade and Research Organisation
135,Australian Spectrum Consultants Pty Ltd,Globalstar Inc
135,Australian Spectrum Consultants Pty Ltd,Pivotel Group Pty Ltd
42,Aviops Pty Ltd acting as trustee for the McCormack Family Trust,Chemring Australia Pty Ltd
42,Aviops Pty Ltd acting as trustee for the McCormack Family Trust,General Electric Aviation
42,Aviops Pty Ltd acting as trustee for the McCormack Family Trust,Quickstep Holdings Ltd
139,Bartholomew Quinn and Associates,Waterfront Business Community
139,Bartholomew Quinn and Associates,Shaw Contracting
139,Bartholomew Quinn and Associates,Norske Skog
139,Bartholomew Quinn and Associates,Tas Developments
338,Barton Deakin ,Apple
338,Barton Deakin ,Yellow Edge
338,Barton Deakin ,Motorola
338,Barton Deakin ,Harness Racing Australia Inc
338,Barton Deakin ,Open Universities Australia
338,Barton Deakin ,Aspen Medical
338,Barton Deakin ,International Social Games Coalition
338,Barton Deakin ,Medibank Health Solutions Pty Ltd
338,Barton Deakin ,Crown Castle Australia Pty Limited
338,Barton Deakin ,Yum! Restaurants Australia Pty Limited 
338,Barton Deakin ,The Song Room Inc 
338,Barton Deakin ,McDonald's Australia Ltd
338,Barton Deakin ,Australia Health Tourism Pty Ltd 
338,Barton Deakin ,RMIT University 
338,Barton Deakin ,Corning Cable Systems Pty Ltd 
338,Barton Deakin ,Settlement Services International 
338,Barton Deakin ,Citigroup Pty Limited
338,Barton Deakin ,Bowel Cancer Australia
338,Barton Deakin ,AARNet Pty Ltd
338,Barton Deakin ,Heathgate Resources Pty Ltd
338,Barton Deakin ,National Pork Producers Council
338,Barton Deakin ,AMP Limited
338,Barton Deakin ,Fujitsu Australia Ltd.
338,Barton Deakin ,Expedia Inc
338,Barton Deakin ,Honeywell Holdings Pty Ltd
338,Barton Deakin ,National Association of People With HIV Australia
338,Barton Deakin ,IPAR Rehabilitation Pty Ltd
338,Barton Deakin ,Company B Limited
338,Barton Deakin ,The ORS Group Pty Ltd
338,Barton Deakin ,Lockheed Martin Overseas Corporation
338,Barton Deakin ,Opal Aged Care
338,Barton Deakin ,Adults Surviving Child Abuse
338,Barton Deakin ,Orica Australia Pty Ltd
338,Barton Deakin ,Murdoch Childrens Research Institute
338,Barton Deakin ,CHC Helicopters Australia
338,Barton Deakin ,QBE Insurance Group Limited
338,Barton Deakin ,Ashley Services Group Limited
338,Barton Deakin ,Palace Cinemas Nominees Pty Ltd
338,Barton Deakin ,Tata Consultancy Services Limited
338,Barton Deakin ,Unisys Australia Pty Limited
338,Barton Deakin ,Literacy for Life Foundation Limited
338,Barton Deakin ,Caravan Industry Association of Australia Ltd
338,Barton Deakin ,Atlassian
338,Barton Deakin ,Australian Pipeline Limited 
338,Barton Deakin ,CUB Pty Ltd
338,Barton Deakin ,Corning Optical Communications Pty Ltd
338,Barton Deakin ,Palace Cinemas Pty Ltd
338,Barton Deakin ,Vector Limited 
338,Barton Deakin ,Fincantieri S.p.A
338,Barton Deakin ,Lake Macquarie City Council
338,Barton Deakin ,ViiV Healthcare Pty Ltd
338,Barton Deakin ,Swisse Wellness Pty Ltd
338,Barton Deakin ,Global Orthopaedic Technology Pty Ltd
338,Barton Deakin ,Hewlett Packard Australia Pty Ltd
338,Barton Deakin ,Australians in Pozieres Ltd 
338,Barton Deakin ,Australian Heavy Vehicle Repair Association
338,Barton Deakin ,Programmed Marine Pty Ltd
338,Barton Deakin ,StatOil Australia AS
338,Barton Deakin ,TAL Services Limited
338,Barton Deakin ,ExecuJet Australia Pty Ltd
338,Barton Deakin ,Brandenburg Ensemble Ltd
338,Barton Deakin ,Propertylink Pty Ltd
338,Barton Deakin ,MAG DS Corp. 
338,Barton Deakin ,Community Broadcasting Association of Australia
338,Barton Deakin ,Vectus Biosystems Limited
338,Barton Deakin ,Thorn Group Ltd
338,Barton Deakin ,BSE Maritime Solutions
338,Barton Deakin ,Commonwealth Bank of Australia
338,Barton Deakin ,Fitness Australia Ltd
338,Barton Deakin ,DLA Piper
338,Barton Deakin ,Meat Inspectors Pty Ltd
338,Barton Deakin ,Early Learning and Care Council of Australia
338,Barton Deakin ,Liberty House Group
338,Barton Deakin ,Niche Education Group Pty Ltd 
338,Barton Deakin ,iMove CRC
338,Barton Deakin ,Australian Packaging Covenant Organisation Ltd 
338,Barton Deakin ,Penrith Lakes Development Corporation
338,Barton Deakin ,Rent4keeps (Aust) Pty Ltd
338,Barton Deakin ,Rhinosport
338,Barton Deakin ,Prism Surgical
338,Barton Deakin ,Device Technologies
338,Barton Deakin ,LifeHealthcare
338,Barton Deakin ,Woolworths Group
338,Barton Deakin ,Cleanaway
338,Barton Deakin ,DomaCom Australia Ltd
338,Barton Deakin ,Work Health Group
338,Barton Deakin ,Shooting Industry Foundation of Australia
338,Barton Deakin ,Biomass Technologies Pty Ltd
338,Barton Deakin ,Cure Brain Cancer
338,Barton Deakin ,TechSydney
338,Barton Deakin ,Used Tyre Recycling Corporation Pty Ltd
338,Barton Deakin ,Cormorant Policy Advice
338,Barton Deakin ,Bunnings Warehouse
338,Barton Deakin ,Elliott Advisors (HK) Limited
338,Barton Deakin ,Women’s Legal Service Queensland
338,Barton Deakin ,Vanguard Health
338,Barton Deakin ,EMKC Developments Pty Ltd
338,Barton Deakin ,Schwartz Family Co Pty Ltd
338,Barton Deakin ,Coal River Products Association
186,BBS Communications Group Pty Ltd,Pharmacy Guild of Australia
583,BDaaS Consulting Pty Ltd,NextGen Distribution
583,BDaaS Consulting Pty Ltd,Australian 3D Manufacturing Association
583,BDaaS Consulting Pty Ltd,Forcite Helmet Systems Pty Ltd
583,BDaaS Consulting Pty Ltd,Threatmetrix Pty Ltd
583,BDaaS Consulting Pty Ltd,Vault Systems Pty Ltd
583,BDaaS Consulting Pty Ltd,Baldwin Distilling Company Pty Ltd
583,BDaaS Consulting Pty Ltd,Gulanga Group Pty Ltd
798,Beecher Investments Pty Ltd,Community Economic and Education Inc.
162,Belman Consulting Pty Ltd,Olbia Pty Limited
110,Bluegrass Consulting Pty Ltd,iTIC Australia Pty Ltd
614,Bossy Group Pty Ltd,The Hospitals Contribution Fund of Australia Limited
6,Bramex Pty Ltd,Reach Beyond Australia
6,Bramex Pty Ltd,Inmarsat and subsidiaries
657,Brent William Knevett,Fivium
657,Brent William Knevett,Netsweeper
657,Brent William Knevett,Imex Systems
657,Brent William Knevett,Medimpact International
657,Brent William Knevett,Ramco Systems
662,BroadSpectrum Consultants Pty Ltd,Free TV Australia Ltd
662,BroadSpectrum Consultants Pty Ltd,Commercial Radio Australia
131,BTelecom Pty Ltd,Dragnet Internet Services Pty Ltd
131,BTelecom Pty Ltd,Chamberlains SBR Chartered Accountants
131,BTelecom Pty Ltd,KIG Energy Pty Ltd
52,Bush Consulting Services Pty Ltd,SAP
52,Bush Consulting Services Pty Ltd,Australian Home Entertainment Distributors Association
52,Bush Consulting Services Pty Ltd,Fujitsu
52,Bush Consulting Services Pty Ltd,Australian Screen Association
760,Bushido International Pty Ltd,Finance Brokers Association of Australia Limited
760,Bushido International Pty Ltd,Genesis Group Inc
1799,Butler Hardy Corporate Pty Ltd,Whelan Jim and Kym
1799,Butler Hardy Corporate Pty Ltd,Constantin Nicholas
1799,Butler Hardy Corporate Pty Ltd,We Fix Credit (Australia) Pty Ltd
654,C2hills Investments Pty Limited,Rivcott Pty Limited
654,C2hills Investments Pty Limited,Macleay River Meats Pty Limited
654,C2hills Investments Pty Limited,Macleay River Proteins Pty Limited
654,C2hills Investments Pty Limited,Coleambally Chamber of Commerce and Industry
654,C2hills Investments Pty Limited,Barellan Aged Care Support Group
654,C2hills Investments Pty Limited,Griffith City Council
654,C2hills Investments Pty Limited,Grainlink (NSW) Pty Ltd
654,C2hills Investments Pty Limited,Hay Shire Council
654,C2hills Investments Pty Limited,Murrumbidgee Council
654,C2hills Investments Pty Limited,ACN 602  837 883 Pty Ltd
789,Cahill and Bailey Pty Ltd,Yara Pilbara
700,Campaigns and Communications Group P/L,Fincantieri
787,Capetal Advisory Pty Ltd,AREVA
556,Capital Hill Advisory Pty Ltd,Amgen Australia Pty Ltd
556,Capital Hill Advisory Pty Ltd,Norton Rose Fulbright Australia
556,Capital Hill Advisory Pty Ltd,Pfizer Australia Pty Ltd
556,Capital Hill Advisory Pty Ltd,Unity Resources Group Pty Ltd
556,Capital Hill Advisory Pty Ltd,Glencore Coal Assets Australia Pty Ltd
556,Capital Hill Advisory Pty Ltd,Employers Mutual Management Pty Ltd
556,Capital Hill Advisory Pty Ltd,PPB Advisory
556,Capital Hill Advisory Pty Ltd,Queensland Investment Corporation
556,Capital Hill Advisory Pty Ltd,Southern Cross Group Services Pty Ltd
556,Capital Hill Advisory Pty Ltd,Australian Federation of AIDS Organisations Inc
556,Capital Hill Advisory Pty Ltd,REST Industry Super
556,Capital Hill Advisory Pty Ltd,Broadspectrum Limited
556,Capital Hill Advisory Pty Ltd,Mundipharma
556,Capital Hill Advisory Pty Ltd,Medical Technology Association of Australia (MTAA)
556,Capital Hill Advisory Pty Ltd,Insight Strategy Pty Ltd
556,Capital Hill Advisory Pty Ltd,Wilson Security
556,Capital Hill Advisory Pty Ltd,Children's Medical Research Institute
556,Capital Hill Advisory Pty Ltd,IFM Investors Pty Ltd
556,Capital Hill Advisory Pty Ltd,Genex Power Limited
556,Capital Hill Advisory Pty Ltd,Nike Inc
556,Capital Hill Advisory Pty Ltd,Challenger Group Services Limited Pty Ltd
556,Capital Hill Advisory Pty Ltd,S Kidman and Co Ltd
556,Capital Hill Advisory Pty Ltd,Ruralco Holdings Limited
556,Capital Hill Advisory Pty Ltd,Australian Self Medication Industry
556,Capital Hill Advisory Pty Ltd,Coates Hire Ltd
556,Capital Hill Advisory Pty Ltd,Australian Computer Society
556,Capital Hill Advisory Pty Ltd,Lenovo Pty Ltd
556,Capital Hill Advisory Pty Ltd,Mount Pritchard & District Community Club Ltd
556,Capital Hill Advisory Pty Ltd,Australian Automotive Dealer Association
556,Capital Hill Advisory Pty Ltd,Australian Computer Society
556,Capital Hill Advisory Pty Ltd,Coal Energy Australia
556,Capital Hill Advisory Pty Ltd,MMJ Phytotech
556,Capital Hill Advisory Pty Ltd,Ray Power Pte Ltd
556,Capital Hill Advisory Pty Ltd,Fincantieri Australia Pty Ltd
556,Capital Hill Advisory Pty Ltd,The PRM Group Pty Ltd
556,Capital Hill Advisory Pty Ltd,Nexus Asia Pacific Pty Ltd
556,Capital Hill Advisory Pty Ltd,Telstra Corporation Limited
556,Capital Hill Advisory Pty Ltd,Inspiring Rare Birds
556,Capital Hill Advisory Pty Ltd,International Justice Mission Australia
556,Capital Hill Advisory Pty Ltd,Sydney Airport Corporation Limited
556,Capital Hill Advisory Pty Ltd,Carlton and United Breweries
556,Capital Hill Advisory Pty Ltd,Anheuser-Busch InBev
556,Capital Hill Advisory Pty Ltd,Generic and Biosimilar Medicines Association
556,Capital Hill Advisory Pty Ltd,Philips Healthcare
556,Capital Hill Advisory Pty Ltd,Global Silicones Council
558,Catherine Emma Rocchi,Farming Champions
558,Catherine Emma Rocchi,H2OX
558,Catherine Emma Rocchi,Leadership WA
558,Catherine Emma Rocchi,Linkwest
558,Catherine Emma Rocchi,Australian Vanadium Limited
558,Catherine Emma Rocchi,urbi
558,Catherine Emma Rocchi,Captivate on Hold
558,Catherine Emma Rocchi,Shire of Dandaragan
558,Catherine Emma Rocchi,VSUN Energy
558,Catherine Emma Rocchi,Energy and Mines Australia Summit
558,Catherine Emma Rocchi,Rockcliffe Winery
601,Catherine McGovern,Australasian College of Podiatric Surgeons
601,Catherine McGovern,Australian and New Zealand Association of Urological Surgeons
601,Catherine McGovern,Urological Society of Australia and New Zealand
601,Catherine McGovern,Australian Mitochondrial Disease Foundation
601,Catherine McGovern,Private Healthcare Australia
601,Catherine McGovern,3D Advanced Manufacturing
601,Catherine McGovern,Australian Society of Plastic Surgeons
191,"Cemdia Pty, Ltd",NBNCo
743,CETE Consulting Pty Ltd,Calzoni S.r.l.
265,CGP solutions Ltd,ViaSat Inc
265,CGP solutions Ltd,OmniSpace LLC
265,CGP solutions Ltd,The Boeing Company
265,CGP solutions Ltd,Boeing Australia
157,Chikarovski & Associates Pty Ltd,Association of Financial Advisers Ltd
157,Chikarovski & Associates Pty Ltd,TG Australasia Pty Limited
157,Chikarovski & Associates Pty Ltd,Xiang Rong (Australia) Investment Group Pty Ltd
157,Chikarovski & Associates Pty Ltd,The Trustee For A2z Outcomes Unit Trust
157,Chikarovski & Associates Pty Ltd,Sir Michael Hintze AM
157,Chikarovski & Associates Pty Ltd,Workplace Super Specialists Australia
157,Chikarovski & Associates Pty Ltd,Thorn Group Limited
157,Chikarovski & Associates Pty Ltd,Spacecon Pty Ltd
157,Chikarovski & Associates Pty Ltd,Spacecon Australia Pty Ltd
157,Chikarovski & Associates Pty Ltd,Option Funds Management Limited
157,Chikarovski & Associates Pty Ltd,DTZ Pty Ltd
157,Chikarovski & Associates Pty Ltd,Webscale Pty Ltd
157,Chikarovski & Associates Pty Ltd,Employment Hero Pty Ltd
658,Chris Drummer ,Rhonda Joy Deep
658,Chris Drummer ,Australian College of Nursing 
658,Chris Drummer ,Oceanic Multitrading Pty Ltd
658,Chris Drummer ,Australian Mobile Health Clinics Association
658,Chris Drummer ,Australian Mobile Dental Care
658,Chris Drummer ,Smiles On Site Pty Ltd
113,CHRIS SCHACHT,PILATUS
113,CHRIS SCHACHT,Liebherr Australia
113,CHRIS SCHACHT,PMB Defence
113,CHRIS SCHACHT,Basetec Services Pty Ltd
113,CHRIS SCHACHT,Janesce Pty Ltd
113,CHRIS SCHACHT,Leigh Creek Energy Ltd
113,CHRIS SCHACHT,Paratoo Mines Pty Ltd
764,Christmas Jalili Pty Ltd,Ultraspeed Australia
764,Christmas Jalili Pty Ltd,The George Institute
764,Christmas Jalili Pty Ltd,Veriluma
764,Christmas Jalili Pty Ltd,Kidsoft
764,Christmas Jalili Pty Ltd,Dtex Systems
764,Christmas Jalili Pty Ltd,Intel Australia
764,Christmas Jalili Pty Ltd,Splunk Services Australia
764,Christmas Jalili Pty Ltd,McAfee Australia
764,Christmas Jalili Pty Ltd,Australian Digital Currency Commerce Association
764,Christmas Jalili Pty Ltd,Agripower Australia Limited
764,Christmas Jalili Pty Ltd,Fireseed Capital
764,Christmas Jalili Pty Ltd,TransGrid
764,Christmas Jalili Pty Ltd,Secure Code Warrior
764,Christmas Jalili Pty Ltd,Adobe Systems
215,"Clark, Kerren G",Oliver Hume Property Funds
215,"Clark, Kerren G",OMC International
1808,Clean Energy Strategies Pty Ltd,AGL Energy Limited
1808,Clean Energy Strategies Pty Ltd,Siemens Ltd
1808,Clean Energy Strategies Pty Ltd,Future Superannuation Holdings Pty Ltd
475,Clifton Consulting Services Pty Ltd,AquaSure Pty Ltd
475,Clifton Consulting Services Pty Ltd,Odyssey House
475,Clifton Consulting Services Pty Ltd,GEO Group Australia Pty Ltd 
475,Clifton Consulting Services Pty Ltd,Greater Metropolitan Cemeteries Trust
475,Clifton Consulting Services Pty Ltd,Committee for Geelong
475,Clifton Consulting Services Pty Ltd,City of Greater Geelong
475,Clifton Consulting Services Pty Ltd,Tianyu Wool Pty Ltd
475,Clifton Consulting Services Pty Ltd,Stafford Group
79,CMAX Communications Pty Ltd,Stryker 
79,CMAX Communications Pty Ltd,Fortescue Metals Group 
79,CMAX Communications Pty Ltd,Send Hope Not Flowers
79,CMAX Communications Pty Ltd,Northrop Grumman International
79,CMAX Communications Pty Ltd,Northrop Grumman Australia
79,CMAX Communications Pty Ltd,BUILDINGSMART AUSTRALASIA INCORPORATED
79,CMAX Communications Pty Ltd,National Capital Private Hospital
79,CMAX Communications Pty Ltd,Innovex Solutions
79,CMAX Communications Pty Ltd,Soldier On
79,CMAX Communications Pty Ltd,The MITRE Corporation
79,CMAX Communications Pty Ltd,ServiceNow
79,CMAX Communications Pty Ltd,Comlux The Aviation Group
79,CMAX Communications Pty Ltd,Rafael Advanced Defense Systems
79,CMAX Communications Pty Ltd,Rockwell Collins
79,CMAX Communications Pty Ltd,Penn Schoen Berland (PSB)
79,CMAX Communications Pty Ltd,Burgmann College Incorporated
79,CMAX Communications Pty Ltd,Navantia Australia Pty Ltd 
79,CMAX Communications Pty Ltd,Leonardo
428,CMGRP Pty Ltd,Nutricia Australia Pty Ltd
428,CMGRP Pty Ltd,IHMS
428,CMGRP Pty Ltd,CFD & FX Margin Association
428,CMGRP Pty Ltd,XERO
428,CMGRP Pty Ltd,Ticketmaster
472,Comsult(Aust) Pty Ltd,AsiaSpace Ltd
472,Comsult(Aust) Pty Ltd,OmniSpace
472,Comsult(Aust) Pty Ltd,O3b/SES
142,Consilium International Group Pty Ltd,Senetas
142,Consilium International Group Pty Ltd,UXC Limited
638,Contextual Communications Pty Ltd, ARCADIA Corporation Pty Ltd
638,Contextual Communications Pty Ltd,New Humans of Australia
453,Cornerstone Group Australia ,Cemento Pty Ltd 
453,Cornerstone Group Australia ,Demigold Pty Ltd 
453,Cornerstone Group Australia ,Direct Freight Express Pty ltd 
453,Cornerstone Group Australia ,Cracknell and Lonergan Architects Pty Ltd 
453,Cornerstone Group Australia ,George Concord Pty Ltd 
453,Cornerstone Group Australia ,Eloura Holdings 
453,Cornerstone Group Australia ,Samstone Pty Ltd 
453,Cornerstone Group Australia ,Greenacre Business Park Pty Ltd 
453,Cornerstone Group Australia ,Pinpoint Marketing Pty Ltd 
453,Cornerstone Group Australia ,Romtech Pty Ltd 
453,Cornerstone Group Australia ,Thiess Pty Ltd 
453,Cornerstone Group Australia ,Polio (Australia) 
453,Cornerstone Group Australia ,Polio (NSW)
453,Cornerstone Group Australia ,Bravehearts Inc. (Pro Bono)
453,Cornerstone Group Australia ,China Rail 15 Group 
453,Cornerstone Group Australia ,Popular Compass Development
453,Cornerstone Group Australia ,Dell Australia Pty Ltd 
453,Cornerstone Group Australia ,Staples Australia Pty Ltd
453,Cornerstone Group Australia ,University of Western Sydney
453,Cornerstone Group Australia ,Charlton Excavation and Demolition
453,Cornerstone Group Australia ,The Group of Eight Limited
453,Cornerstone Group Australia ,Young & Rubicam Group Pty Limited
453,Cornerstone Group Australia ,Village Building Company 
453,Cornerstone Group Australia ,Australian Institute of Building Surveyors
453,Cornerstone Group Australia ,Women's Housing Limited 
453,Cornerstone Group Australia ,arbias
453,Cornerstone Group Australia ,Calcorp Services Pty Ltd 
453,Cornerstone Group Australia ,Greenex Environmental Pty Limited 
453,Cornerstone Group Australia ,Hunter Investment Corporation Pty Ltd 
453,Cornerstone Group Australia ,Advanced Algal Technologies Limited
453,Cornerstone Group Australia ,Aspen Medical Pty Ltd 
453,Cornerstone Group Australia ,Xiuyan Guan
453,Cornerstone Group Australia ,Deafness Forum Ltd. (Pro Bono)
453,Cornerstone Group Australia ,Affordable Community Housing Limited
453,Cornerstone Group Australia ,Caption It Pty Ltd 
453,Cornerstone Group Australia ,Compass Housing Services Co Ltd
453,Cornerstone Group Australia ,André Nobbs 
453,Cornerstone Group Australia ,Nicovations Australia
453,Cornerstone Group Australia ,British American Tobacco Australia Ltd
453,Cornerstone Group Australia ,G.H. Varley Pty Ltd 
453,Cornerstone Group Australia ,Nicoventures Holding  Ltd 
453,Cornerstone Group Australia ,APIR Limited 
453,Cornerstone Group Australia ,TOMRA Group
453,Cornerstone Group Australia ,Business Council of Co-operatives and Mutuals 
453,Cornerstone Group Australia ,DPL Medical Pty Limited
453,Cornerstone Group Australia ,Australian Consulting Architects Pty Ltd 
453,Cornerstone Group Australia ,Canedo Management Pty Ltd 
453,Cornerstone Group Australia ,Billbergia Pty Ltd 
453,Cornerstone Group Australia ,Champion Homes Sales Pty Limited 
453,Cornerstone Group Australia ,Pacific Planning Pty Limited 
453,Cornerstone Group Australia ,Varley Pty Ltd 
453,Cornerstone Group Australia ,Alpha Nobis Pty Ltd 
453,Cornerstone Group Australia ,Consumer Household Equipment Rental Providers Association Inc. 
453,Cornerstone Group Australia ,CIS Educational
453,Cornerstone Group Australia ,SEEK Limited 
160,Cotterell Jannette Suzanne,The Australian and New Zealand Association of Oral and Maxillofacial Surgeons
160,Cotterell Jannette Suzanne,Private Cancer Physicians of Australia
160,Cotterell Jannette Suzanne,Community Pharmacy Chemotherapy Services Group
160,Cotterell Jannette Suzanne,National Association of Specialist Obstetricians and Gynaecologists
160,Cotterell Jannette Suzanne,Australian Aged Care Association
160,Cotterell Jannette Suzanne,Childcare Queensland
160,Cotterell Jannette Suzanne,Royal Australian and New Zealand College of Radiologists
160,Cotterell Jannette Suzanne,Professionals for Safe Cancer Treatment
160,Cotterell Jannette Suzanne,Childcare NSW
160,Cotterell Jannette Suzanne,Childcare WA
160,Cotterell Jannette Suzanne,Generic Medicines Industry Association
160,Cotterell Jannette Suzanne,Australian and International Pilots' Association
160,Cotterell Jannette Suzanne,Pharmaceutical Industry Council
160,Cotterell Jannette Suzanne,Australian Childcare Alliance
160,Cotterell Jannette Suzanne,Australian Technology Network (of universities)
160,Cotterell Jannette Suzanne,canSpeak Australia (pro bono)
160,Cotterell Jannette Suzanne,Medical Oncology Group of Australia
160,Cotterell Jannette Suzanne,Pharmaceutical Industry Council
160,Cotterell Jannette Suzanne,Gas Energy Australia
160,Cotterell Jannette Suzanne,Alphapharm
160,Cotterell Jannette Suzanne,Childcare SA
160,Cotterell Jannette Suzanne,Leukaemia Foundation
160,Cotterell Jannette Suzanne,Australian Technology Network
160,Cotterell Jannette Suzanne,Carers Australia
160,Cotterell Jannette Suzanne,BioCSL Pty Ltd
160,Cotterell Jannette Suzanne,HWL Ebsworth Lawyers
160,Cotterell Jannette Suzanne,Merck Sharp & Dohme (Australia) Pty Limited
160,Cotterell Jannette Suzanne,AHISA LIMITED
160,Cotterell Jannette Suzanne,Fuji Xerox Australia Pty Ltd
160,Cotterell Jannette Suzanne,Victorian Automobile Chamber of Commerce
160,Cotterell Jannette Suzanne,Pharmacy Guild of Australia
160,Cotterell Jannette Suzanne,The Bionics Institute
160,Cotterell Jannette Suzanne,Genworth Mortgage Insurance Australia Limited
160,Cotterell Jannette Suzanne,Melanoma Patients Australia
160,Cotterell Jannette Suzanne,100 Lives Limited (An Armenian Anniversary Project) 
160,Cotterell Jannette Suzanne,Adopt Change (Adoption Awareness Ltd) pro bono
160,Cotterell Jannette Suzanne,State Grid Corporation of China
160,Cotterell Jannette Suzanne,eBay International AG
160,Cotterell Jannette Suzanne,PayPal Australia
160,Cotterell Jannette Suzanne,LEO Pharma Pty Ltd
160,Cotterell Jannette Suzanne,Lung Foundation Australia
160,Cotterell Jannette Suzanne,Tandem College 
160,Cotterell Jannette Suzanne,Leading Age Services Australia Ltd
160,Cotterell Jannette Suzanne,Minderoo Foundation PTY LTD
160,Cotterell Jannette Suzanne,Kimberly-Clark Australia Pty Ltd 
160,Cotterell Jannette Suzanne,Catholic Health Australia
160,Cotterell Jannette Suzanne,The Society of Hospital Pharmacists of Australia
160,Cotterell Jannette Suzanne,Australian Private Hospitals Association
160,Cotterell Jannette Suzanne,Baxalta Australia Pty Ltd
160,Cotterell Jannette Suzanne,Sayyid Mohammad Taqi al-Modarresi
160,Cotterell Jannette Suzanne,Australia Sino Agriculture 100 years Agriculture and Food Safety Partnership
160,Cotterell Jannette Suzanne,Perinatal Anxiety and Depression Australia
160,Cotterell Jannette Suzanne,Business Council of Australia
160,Cotterell Jannette Suzanne,Bayer Pharmaceuticals
403,Covance Pty Ltd (Covance Market Access Services division),Janssen Cilag Pty Ltd
403,Covance Pty Ltd (Covance Market Access Services division),Eisai Australia Pty Limited
403,Covance Pty Ltd (Covance Market Access Services division),STALLERGENES Australia Pty Ltd
403,Covance Pty Ltd (Covance Market Access Services division),Alexion Pharmaceuticals Australasia Pty Ltd
403,Covance Pty Ltd (Covance Market Access Services division),AbbVie Pty Ltd
403,Covance Pty Ltd (Covance Market Access Services division),Novo Nordisk Pharmaceuticals Pty Ltd
403,Covance Pty Ltd (Covance Market Access Services division),Bristol Myers Squibb Australia
299,CPI Strategic Pty Ltd,Costa Group of Companies
299,CPI Strategic Pty Ltd,Linked Solutions
299,CPI Strategic Pty Ltd,Field and Game Australia
299,CPI Strategic Pty Ltd,Australian Deer Association
81,CPR Communications & Public Relations Pty Ltd,Regional Cities Victoria
81,CPR Communications & Public Relations Pty Ltd,Greater Shepparton City Council
81,CPR Communications & Public Relations Pty Ltd,City of Wodonga
81,CPR Communications & Public Relations Pty Ltd,Housing Industry Association Limited
81,CPR Communications & Public Relations Pty Ltd,Rural City of Wangaratta
81,CPR Communications & Public Relations Pty Ltd,Queen Elizabeth Centre
81,CPR Communications & Public Relations Pty Ltd,The Royal Agricultural Society of Victoria Limited
81,CPR Communications & Public Relations Pty Ltd,Zagame Automotive Group
81,CPR Communications & Public Relations Pty Ltd,Samsung Electronics Australia
81,CPR Communications & Public Relations Pty Ltd,Kabo Lawyers
81,CPR Communications & Public Relations Pty Ltd,ACCIONA Australia
81,CPR Communications & Public Relations Pty Ltd,Legislative Leadership and Governance Group Incorporated
81,CPR Communications & Public Relations Pty Ltd,headspace National Youth Mental Health Foundation Ltd
81,CPR Communications & Public Relations Pty Ltd,Walter and Eliza Hall Institute of Medical Research
81,CPR Communications & Public Relations Pty Ltd,MailGuard Pty Ltd
81,CPR Communications & Public Relations Pty Ltd,Australasian Association of Convenience Stores
81,CPR Communications & Public Relations Pty Ltd,Searoad Ferries
81,CPR Communications & Public Relations Pty Ltd,Malaysian Resources Corporation Berhad
81,CPR Communications & Public Relations Pty Ltd,Baker Heart and Diabetes Institute
683,Craig Emerson Economics Pty Ltd,KPMG
783,Craig Hodges,Daniel Taylor
193,CRAKYL Pty Ltd,Just Excellence Investments Pty Ltd
193,CRAKYL Pty Ltd,Rainbowforce Pty Ltd
193,CRAKYL Pty Ltd,Sydney Park Estate
193,CRAKYL Pty Ltd,Owada International
105,CreditWise Pty Ltd,Australian Finance Conference
580,Crosby Textor Research Strategies Results,Corporate Health Services Pty Ltd
580,Crosby Textor Research Strategies Results,Reconciliation Australia Limited
580,Crosby Textor Research Strategies Results,Free TV Australia Ltd
580,Crosby Textor Research Strategies Results,Distilled Spirits Industry Council of Australia Inc.
580,Crosby Textor Research Strategies Results,Careers Australia Group Limited
580,Crosby Textor Research Strategies Results,APR Energy 
580,Crosby Textor Research Strategies Results,Northern Oil & Gas Australia Pty Limited 
580,Crosby Textor Research Strategies Results,Elliott Advisers (HK) Limited
580,Crosby Textor Research Strategies Results,Pearson Australia Group Pty Ltd
580,Crosby Textor Research Strategies Results,Blunden & Associates Pty Ltd
580,Crosby Textor Research Strategies Results,IndiIT Pty Ltd
153,Cultural Consulting,Murnis
153,Cultural Consulting,Loretta Cuda
153,Cultural Consulting,Bapak Ian Siagian Australian Representative for the Indonesian Democratic Party of Struggle (PDIP)
386,Currie Communications,Victorian Building Authority
386,Currie Communications,PrimeSafe
10,Cynergy Pty Ltd,Solastor Pty Ltd
10,Cynergy Pty Ltd,SCE Energy Solutions Pty Ltd
10,Cynergy Pty Ltd,Tidal Energy Australia Pty Ltd
221,Damian McGreevy Consulting Pty Ltd,World Wide Fund for Nature (WWF AUST)
221,Damian McGreevy Consulting Pty Ltd,Daintree Estates
221,Damian McGreevy Consulting Pty Ltd,Australian Solar Council
221,Damian McGreevy Consulting Pty Ltd,Australian Energy Storage Council
221,Damian McGreevy Consulting Pty Ltd,MBD Energy
221,Damian McGreevy Consulting Pty Ltd,Redback Technologies Australia
16,Day & Hodge Associates Pty Ltd,The Cycling Promotion Fund
16,Day & Hodge Associates Pty Ltd,Bicycle Industries Australia Inc.
16,Day & Hodge Associates Pty Ltd,National Medical Services Group
16,Day & Hodge Associates Pty Ltd,National Association for Medical Deputising Australia Ltd
360,Diplomacy Pty Limited,Anindilyakwa Land Council
360,Diplomacy Pty Limited,G21 - Geelong Regional Alliance
360,Diplomacy Pty Limited,Air New Zealand
360,Diplomacy Pty Limited,Zynga Inc.
360,Diplomacy Pty Limited,Jardine Lloyd Thompson Pty Limited
360,Diplomacy Pty Limited,RCR Tomlinson Ltd
360,Diplomacy Pty Limited,O’Donnell Griffin
360,Diplomacy Pty Limited,Haden
360,Diplomacy Pty Limited,Resolve FM
360,Diplomacy Pty Limited,Sensis Pty Ltd
360,Diplomacy Pty Limited,Platinum Equity LLC
360,Diplomacy Pty Limited,X Icon Pty Ltd (Iconclastic)
360,Diplomacy Pty Limited,The Nature Conservancy Australia
360,Diplomacy Pty Limited,Borough of Queenscliffe
360,Diplomacy Pty Limited,DocuSign
360,Diplomacy Pty Limited,Wellness and Lifestyles
360,Diplomacy Pty Limited,Searoad Ferries
360,Diplomacy Pty Limited,Colac Otway Shire Council
360,Diplomacy Pty Limited,MHG Asia Pacific
454,Discourse Consulting Pty Ltd,ADA
454,Discourse Consulting Pty Ltd,NDS
454,Discourse Consulting Pty Ltd,Life withour Barriers
454,Discourse Consulting Pty Ltd,LUK & ASSOCIATES SOLICITORS
454,Discourse Consulting Pty Ltd,Employers Mutual
624,Donna Edman,Hearing Care Industry Association
172,Dr Robert Horton,Intelsat Corporation
172,Dr Robert Horton,Inmarsat Corporation
792,Du Bious Holdings Pty Ltd,English Australia
792,Du Bious Holdings Pty Ltd,Fundraising Institute of Australia 
515,Dunns4 Consulting Pty Ltd,Sagem Defense Secutite
515,Dunns4 Consulting Pty Ltd,Point Trading
515,Dunns4 Consulting Pty Ltd,Nexter Systems
263,ED & Associates Pty Ltd,Birks Blair Athol Pharmacy Pty Ltd
344,Electrotech Australia Pty Limited,Northrop Grumman Overseas Service Corporation
734,Emerald Corporate Group Pty Ltd,Genome.One Pty Ltd
31,Endeavour Consulting Group Pty Ltd,Christmas Island Phosphates
31,Endeavour Consulting Group Pty Ltd,Energy Resources Australia Ltd
31,Endeavour Consulting Group Pty Ltd,American Express International Incorporated
31,Endeavour Consulting Group Pty Ltd,The Shell Company of Australia Ltd
31,Endeavour Consulting Group Pty Ltd,Seven Network
31,Endeavour Consulting Group Pty Ltd,Pindo Deli
31,Endeavour Consulting Group Pty Ltd,Solaris
31,Endeavour Consulting Group Pty Ltd,Clubs Australia
31,Endeavour Consulting Group Pty Ltd,Port Waratah Coal Services
31,Endeavour Consulting Group Pty Ltd,Phonographic Performance Company of Australia
31,Endeavour Consulting Group Pty Ltd,Manufacturing Australia
31,Endeavour Consulting Group Pty Ltd,Coca Cola South Pacific 
31,Endeavour Consulting Group Pty Ltd,Google Australia 
31,Endeavour Consulting Group Pty Ltd,TX Australia Pty Ltd 
31,Endeavour Consulting Group Pty Ltd,Charles Sturt University 
31,Endeavour Consulting Group Pty Ltd,La Trobe University 
31,Endeavour Consulting Group Pty Ltd,Murray Darling Medical School
31,Endeavour Consulting Group Pty Ltd,IOOF Holdings Limited
31,Endeavour Consulting Group Pty Ltd,Standards Australia
31,Endeavour Consulting Group Pty Ltd,iSelect 
31,Endeavour Consulting Group Pty Ltd,Federal Chamber of Automotive Industries
31,Endeavour Consulting Group Pty Ltd,Australian Publishers Association 
31,Endeavour Consulting Group Pty Ltd,MediScriptz Australia Pty Ltd 
31,Endeavour Consulting Group Pty Ltd,TELSTRA
31,Endeavour Consulting Group Pty Ltd,ENGIE
74,Enhance Corporate Pty Ltd,Tri Investments Pty Ltd
74,Enhance Corporate Pty Ltd,Centurian Group
74,Enhance Corporate Pty Ltd,China Rail 15 Group
74,Enhance Corporate Pty Ltd,China First Pty Ltd
74,Enhance Corporate Pty Ltd,Queensland Nickel Pty Ltd
74,Enhance Corporate Pty Ltd,Mineralogy Pty Ltd
71,Essential Media Communications Pty Ltd,Defence Teaming Centre
71,Essential Media Communications Pty Ltd,Australian Marriage Equality
71,Essential Media Communications Pty Ltd,Luke Batty Foundation Limited
71,Essential Media Communications Pty Ltd,Women's Legal Service Inc
71,Essential Media Communications Pty Ltd,COTA Australia
71,Essential Media Communications Pty Ltd,Shop Distributive & Allied Employees Association Nat Branch
71,Essential Media Communications Pty Ltd,UFU of Australia - Aviation Branch
71,Essential Media Communications Pty Ltd, United Firefighters' Union of Australia-Victorian Branch
564,Etched Communications Pty Ltd,Nestle Australia
564,Etched Communications Pty Ltd,Achieve Australia
564,Etched Communications Pty Ltd, Interface Aust Pty Limited
564,Etched Communications Pty Ltd,Storehouse Residential Trust 
564,Etched Communications Pty Ltd,Bannister Law
564,Etched Communications Pty Ltd,Metcash Limited
564,Etched Communications Pty Ltd,TasFoods
776,Extended Lifestyle Int. Pty Ltd,Shearwater Scenic Villas
776,Extended Lifestyle Int. Pty Ltd,Parkland Estate
324,FCC Partnership Pty Ltd,Chi - X
324,FCC Partnership Pty Ltd,Morgan Stanley
324,FCC Partnership Pty Ltd,IG Markets
324,FCC Partnership Pty Ltd,CFD and FX Forum
324,FCC Partnership Pty Ltd,Sydney Stock Exchange
214,FIPRA Australia Pty Limited,Royal Caribbean Cruises Australia
214,FIPRA Australia Pty Limited,Royal Caribbean Cruises Limited USA
214,FIPRA Australia Pty Limited,FIPRA International UK
214,FIPRA Australia Pty Limited,FIPRA Europe Brussels
214,FIPRA Australia Pty Limited,Veritec Solutions USA
214,FIPRA Australia Pty Limited,KaComm Communications Pty Limited
214,FIPRA Australia Pty Limited,Cerus Inc
295,Five Corners Pty Ltd,Mark Lawrence - Managing Director - MD Solutions Australasia Pty Ltd.
295,Five Corners Pty Ltd,Glernn Moore Executive Director Aurora Bioscience PO Box 946 Baulkham Hills NSW 2153
484,FPL Advisory Pty Ltd,Building Designers Association of Victoria
484,FPL Advisory Pty Ltd,GlaxoSmithKline
484,FPL Advisory Pty Ltd,Mars Australia Pty Ltd
484,FPL Advisory Pty Ltd,D'Orsogna Ltd
484,FPL Advisory Pty Ltd,Sun Pharmaceuticals
738,Freight  Trade Alliance (FTA) Pty Ltd,Australian Peak Shippers Association
738,Freight  Trade Alliance (FTA) Pty Ltd,Australian International Movers Association
738,Freight  Trade Alliance (FTA) Pty Ltd,Salta Properties
738,Freight  Trade Alliance (FTA) Pty Ltd,Schenker Australia
738,Freight  Trade Alliance (FTA) Pty Ltd,IRT Australia
738,Freight  Trade Alliance (FTA) Pty Ltd,Victoria International Container Terminal
333,FTI Consulting (Perth) Pty Ltd,Wellard Group
333,FTI Consulting (Perth) Pty Ltd,Resource Capital Funds
333,FTI Consulting (Perth) Pty Ltd,Sirona Capital Management
333,FTI Consulting (Perth) Pty Ltd,Brierty Limited
333,FTI Consulting (Perth) Pty Ltd,Kailis Bros
333,FTI Consulting (Perth) Pty Ltd,Tellus Holdings Limited
333,FTI Consulting (Perth) Pty Ltd, BMT Mercury Technology
678,FTI Consulting (Sydney) Pty Ltd as Trustee for the Third Person Communication Trust ,JBS Australia Pty Ltd 
678,FTI Consulting (Sydney) Pty Ltd as Trustee for the Third Person Communication Trust ,Mastercard 
678,FTI Consulting (Sydney) Pty Ltd as Trustee for the Third Person Communication Trust ,Spark Infrastructure Group
678,FTI Consulting (Sydney) Pty Ltd as Trustee for the Third Person Communication Trust ,Tassal Group Limited
742,G2 Media,Australian Historic Motoring Federation (AHMF)
1,Gambolling Pty Ltd,National Australia Bank
1,Gambolling Pty Ltd,Intercapital 
1,Gambolling Pty Ltd,Project Flinders Pty Ltd
1,Gambolling Pty Ltd,Dassault Aviation
1,Gambolling Pty Ltd,Fresh Markets Australia
1,Gambolling Pty Ltd,Peninsula Health
1,Gambolling Pty Ltd,Huntington Ingalls Industries
1,Gambolling Pty Ltd,Axiom Mining Limited
375,Gell Southam Group Pty Ltd,Kores Australia
375,Gell Southam Group Pty Ltd,Volvo Car Australia
375,Gell Southam Group Pty Ltd,Wallarah 2 Coal Project
185,Geoff Conlon,H & D srl
185,Geoff Conlon,Solar Brokers Associated
185,Geoff Conlon,Evolvo srl
238,GIMC Consulting,Broadcast Operations Pty Ltd
238,GIMC Consulting,Redwave Media Pty Ltd
238,GIMC Consulting,Hot Tomato Pty Ltd
238,GIMC Consulting,Get Real Media
238,GIMC Consulting,Sunshine Coast Broadcasters
238,GIMC Consulting,Macquarie Media Pty Ltd
150,Glide Pty Ltd,The Alliance for Children at Risk inc
150,Glide Pty Ltd,Western Australian Men's Shed Association Inc
561,Global Issues Group,Refrigerants Australia
561,Global Issues Group,AIR CONDITIONING AND REFRIGERATION EQUIPMENT MANUFACTURERS ASSOCIATION OF AUSTRALIA INCORPORATED
750,GovCorp Pty Ltd,Scahillco
750,GovCorp Pty Ltd,Lence Novaceski
750,GovCorp Pty Ltd,Mark O'Neill
7,Government Relations Solutions Pty Ltd,National Pharmacies
7,Government Relations Solutions Pty Ltd,Demographia Australia Inc
7,Government Relations Solutions Pty Ltd,QEH Cardiology
7,Government Relations Solutions Pty Ltd,Capricorn Shipping Pty Ltd
7,Government Relations Solutions Pty Ltd,The Linden Group Pty Ltd
125,Govstrat Pty Ltd,Clubs Queensland
125,Govstrat Pty Ltd,UGL
125,Govstrat Pty Ltd,Port of Brisbane
630,GPotts,Water Ice Pty Ltd
630,GPotts,Nu Edge Solutions Pty Ltd
630,GPotts,Ballan  District Soldiers Memorial Bush Nursing Hospital  Hostel
122,GRA Everingham Pty Ltd,Hall and Prior Aged Care Organisation
122,GRA Everingham Pty Ltd,Cash Converters
122,GRA Everingham Pty Ltd,Conference of Asia Pacific Express Carriers (Australia) Limited
122,GRA Everingham Pty Ltd,BHP Billiton
122,GRA Everingham Pty Ltd,City of South Perth
122,GRA Everingham Pty Ltd,Maxima Pearling Company
122,GRA Everingham Pty Ltd,AWE Limited 
122,GRA Everingham Pty Ltd,Australian Finance Group
122,GRA Everingham Pty Ltd,Finder Exploration Pty Ltd 
122,GRA Everingham Pty Ltd,Perth Radiological Clinic
122,GRA Everingham Pty Ltd,Decmil Group Limited
59,GRACosway Pty Ltd,IDP Education Pty Ltd
59,GRACosway Pty Ltd,AECOM Australia
59,GRACosway Pty Ltd,Clemenger BBDO
59,GRACosway Pty Ltd,Cobham Flight Operations & Services (Aust) / National Jet Systems
59,GRACosway Pty Ltd,Broadcast Australia
59,GRACosway Pty Ltd,General Atomics Aeronautical Systems Inc.
59,GRACosway Pty Ltd,ALDI Stores
59,GRACosway Pty Ltd,Project Management Institute
59,GRACosway Pty Ltd,SingTel Optus Pty Ltd
59,GRACosway Pty Ltd,Halliburton Energy Services
59,GRACosway Pty Ltd,Alexion Pharmaceuticals Australasia Pty Ltd
59,GRACosway Pty Ltd,Gilead Sciences
59,GRACosway Pty Ltd,Fletcher Building (Australia) Pty Ltd
59,GRACosway Pty Ltd,Human Systems Asia Pacific Pty Ltd
59,GRACosway Pty Ltd,DrinkWise Australia Ltd
59,GRACosway Pty Ltd,FRV Services Australia Pty Ltd
59,GRACosway Pty Ltd,Small Pelagic Fisheries Industry Association
59,GRACosway Pty Ltd,Ovarian Cancer Australia Limited
59,GRACosway Pty Ltd,Stolthaven Australasia Pty Ltd
59,GRACosway Pty Ltd,ClearView Wealth Limited
59,GRACosway Pty Ltd,DP World Australia Ltd
59,GRACosway Pty Ltd,Mulpha Australia Limited
59,GRACosway Pty Ltd,Southern Shark Industry Alliance Inc
59,GRACosway Pty Ltd,Idemitsu Australia Resources Pty Ltd
59,GRACosway Pty Ltd,The Mirabel Foundation Inc.
59,GRACosway Pty Ltd,Canada Pension Plan Investment Board
59,GRACosway Pty Ltd,Australian Imported Motor Vehicle Industry Association Incorporated (AIMVIA)
59,GRACosway Pty Ltd,OZ Minerals Limited
59,GRACosway Pty Ltd,Credit Corp Group Limited
59,GRACosway Pty Ltd,BAI Communications
59,GRACosway Pty Ltd,Anchorage Capital Partners Pty Limited
59,GRACosway Pty Ltd,TA Associates
59,GRACosway Pty Ltd,Mortgage and Finance Association of Australia
59,GRACosway Pty Ltd,Credit and Investments Ombudsman Limited
59,GRACosway Pty Ltd,Murray Goulburn
59,GRACosway Pty Ltd,Capital Radiology Pty Ltd
59,GRACosway Pty Ltd,ISS Facility Services Pty Ltd
59,GRACosway Pty Ltd,Scope Global Pty Ltd
59,GRACosway Pty Ltd,KEPCO Bylong Australia Pty Ltd
59,GRACosway Pty Ltd,Gaming Technologies Association Limited
59,GRACosway Pty Ltd,Home Investment Consortium Company Pty Ltd
59,GRACosway Pty Ltd,Southern Cross Travel Insurance
59,GRACosway Pty Ltd,Adobe Systems Pty Ltd
59,GRACosway Pty Ltd,Kangaroo Island Abalone Pty Ltd
59,GRACosway Pty Ltd,Teleperformance Australia Pty Ltd
59,GRACosway Pty Ltd,BBHO Pty Ltd
59,GRACosway Pty Ltd,The Academy of Interactive Entertainment Limited
59,GRACosway Pty Ltd,Campbell Page Limited
59,GRACosway Pty Ltd,Skillset Limited
59,GRACosway Pty Ltd,FSS Trustee Corporation 
59,GRACosway Pty Ltd,Macquarie Corporate Holdings Pty Limited
59,GRACosway Pty Ltd,Morgan Stanley Infrastructure Inc.
59,GRACosway Pty Ltd,Kohlberg Kravis Roberts and Co. L.P.
59,GRACosway Pty Ltd,Biogen Australia Pty Ltd
59,GRACosway Pty Ltd,Yumbah Aquaculture Ltd
59,GRACosway Pty Ltd,Fletcher Insulation Pty Limited
59,GRACosway Pty Ltd,Lottoland Australia Pty Ltd
59,GRACosway Pty Ltd,Hexion Australia Pty Ltd 
59,GRACosway Pty Ltd,Ixom Operations Pty Ltd 
59,GRACosway Pty Ltd,NTT DATA 
59,GRACosway Pty Ltd,Western Sydney Rail Alliance
26,Halden Burns Pty Ltd,Strzelecki Holdings Pty Ltd
26,Halden Burns Pty Ltd,Satterley Property Group
26,Halden Burns Pty Ltd,Italian Earthquake Disaster Fund
26,Halden Burns Pty Ltd,West Australian Pork Producers Association
26,Halden Burns Pty Ltd,Westpork
26,Halden Burns Pty Ltd,Perth Radiological Clinic
26,Halden Burns Pty Ltd,CASE for Refugees
26,Halden Burns Pty Ltd,Mooney Pilots Association
26,Halden Burns Pty Ltd,Cristal Mining (Australia)
26,Halden Burns Pty Ltd,Hills Orchard Improvement Group Inc
26,Halden Burns Pty Ltd,Australian Coral Farms
26,Halden Burns Pty Ltd,Harry Perkins Institute of Medical Research
717,Hartrim Nominees Pty Ltd,Swan Bay Project Management Pty Ltd
96,Hawker Britton Group Pty Ltd,Free TV Australia
96,Hawker Britton Group Pty Ltd,The Big Issue in Australia Limited
96,Hawker Britton Group Pty Ltd,Bunnings
96,Hawker Britton Group Pty Ltd,Officeworks
96,Hawker Britton Group Pty Ltd,Crown Castle
96,Hawker Britton Group Pty Ltd,Quasar Resources Pty Ltd
96,Hawker Britton Group Pty Ltd,Adelaide Airport Limited
96,Hawker Britton Group Pty Ltd,Macquarie Group Limited
96,Hawker Britton Group Pty Ltd,AMP Limited
96,Hawker Britton Group Pty Ltd,The Adams Group
96,Hawker Britton Group Pty Ltd,Domain Principal Group
96,Hawker Britton Group Pty Ltd,Yellow Edge
96,Hawker Britton Group Pty Ltd,Apple Pty Ltd
96,Hawker Britton Group Pty Ltd,QBE Insurance Group Pty Ltd 
96,Hawker Britton Group Pty Ltd,Sportsbet
96,Hawker Britton Group Pty Ltd,Lockheed Martin Corporation 
96,Hawker Britton Group Pty Ltd,WPP AUNZ
96,Hawker Britton Group Pty Ltd,Dixon Advisory
96,Hawker Britton Group Pty Ltd,National Pork Producers Council
96,Hawker Britton Group Pty Ltd,Statoil Australia AS
96,Hawker Britton Group Pty Ltd,TAL Services Limited
96,Hawker Britton Group Pty Ltd,McDonald’s Australia Ltd
96,Hawker Britton Group Pty Ltd,AARNet Pty Ltd
96,Hawker Britton Group Pty Ltd,Australian Heavy Vehicle Repairers Association
96,Hawker Britton Group Pty Ltd,Business Events Council of Australia
96,Hawker Britton Group Pty Ltd,Brookfield Rail Pty Ltd
96,Hawker Britton Group Pty Ltd,ExecuJet Australia Pty Ltd
96,Hawker Britton Group Pty Ltd,Hewlett Packard Australia Pty Ltd
96,Hawker Britton Group Pty Ltd,Syngenta Australia Pty Ltd
96,Hawker Britton Group Pty Ltd,Australian Packaging Covenant Organisation Ltd
96,Hawker Britton Group Pty Ltd,Woolworths
96,Hawker Britton Group Pty Ltd,Commonwealth Bank
96,Hawker Britton Group Pty Ltd,Bankwest
96,Hawker Britton Group Pty Ltd,Mid West Infrastructure Group
137,Health Communincations Australia Pty Limited,Allergan Australia Pty Limited
137,Health Communincations Australia Pty Limited,The GUT Foundation
137,Health Communincations Australia Pty Limited,Lundbeck Australia Pty Limited
137,Health Communincations Australia Pty Limited,Novo Nordisk Australia Pty Limited
137,Health Communincations Australia Pty Limited,Pharmaxis Ltd
137,Health Communincations Australia Pty Limited,Takeda Pharmaceuticals Australia
137,Health Communincations Australia Pty Limited,Merck Serono Australia
137,Health Communincations Australia Pty Limited,iNova Pharmaceuticals Pty Limited
124,Helen & Mike O'Brien JP,Australian Pensioners & Superannuants League WA Inc
124,Helen & Mike O'Brien JP,Parins
8,Hill and Knowlton,Coca Cola South Pacific
8,Hill and Knowlton,LEO Pharma
8,Hill and Knowlton,Intuit
8,Hill and Knowlton,Thorn Group Limited 
8,Hill and Knowlton,Medlab Clinical Limited 
765,IALPG PTY LTD,ACUO INC
674,Ian Peregrine Desborough,Grain Producers Australia Limited
541,Innovative Electronics Pty Ltd,ESA/Inmarsat
541,Innovative Electronics Pty Ltd,CSIRO
714,Insight Strategy Pty Ltd,Capital Hill Advisory
714,Insight Strategy Pty Ltd,Medical Technology Association of Australia
714,Insight Strategy Pty Ltd,Wyndham Vacation Resorts
714,Insight Strategy Pty Ltd,Open Colleges
170,Intech Strategies P/L,Elbit Systems Ltd
170,Intech Strategies P/L,Elbit Systems of Australia P/L
38,Intercorp Pty Ltd,Israel Aerospace Industries Limited
38,Intercorp Pty Ltd,Plasan
103,Ivydale Nominees Pty Ltd,Coogee Chemicals
103,Ivydale Nominees Pty Ltd,WA Nightclubs Association
103,Ivydale Nominees Pty Ltd,Albemarle Corporation
103,Ivydale Nominees Pty Ltd,Con Berbatis
103,Ivydale Nominees Pty Ltd,CG Berbatis Holdings Pty Ltd
103,Ivydale Nominees Pty Ltd,Studio 146
103,Ivydale Nominees Pty Ltd,Holiday Inn
103,Ivydale Nominees Pty Ltd,Esplanade Port Hedland Hotel Land Pty Ltd
103,Ivydale Nominees Pty Ltd,Julian Stawell
586,Jenkins Engineering defence Systems Pty Ltd,Harris Corp.
319,Jo Scard Pty Ltd,Australian Indigenous Leadership Centre
319,Jo Scard Pty Ltd,The Australian Charities Fund Operations Limited
319,Jo Scard Pty Ltd,Quintessential Equities 023 Pty Ltd
319,Jo Scard Pty Ltd,Congress of Aboriginal & Torres Strait Islander Nurses & Midwives
319,Jo Scard Pty Ltd,The Royal Australian and New Zealand College of Radiologists
319,Jo Scard Pty Ltd,Gundaroo Community Association
319,Jo Scard Pty Ltd,Centre for Social Impact ABN 57 195 873 179
319,Jo Scard Pty Ltd,Gundaroo Music Festival 36 229 476 464 
319,Jo Scard Pty Ltd,CareWest Ltd 13 160 259 512
319,Jo Scard Pty Ltd,Information on Disability Education Awareness Services Incorporated 73 877 964 532
319,Jo Scard Pty Ltd,Connecting Up Incorporated 13 903 061 955 
319,Jo Scard Pty Ltd,OzHelp Foundation Ltd ABN 59 099 118 500
319,Jo Scard Pty Ltd,Disability Sports Australia Limited ABN 96 104 461 814
319,Jo Scard Pty Ltd,The Australasian Society of Association Executives (AuSAE) ABN 86 603 084 895
319,Jo Scard Pty Ltd,Australian Academy of Science ABN 90 700 613 342 
319,Jo Scard Pty Ltd,Junction Australia ABN 50 167 313 153
319,Jo Scard Pty Ltd,Australian Diabetes Educators' Association Limited ABN 65 008 656 522
319,Jo Scard Pty Ltd,The Woden Group
319,Jo Scard Pty Ltd,Popcar ABN 43 602 154 763
319,Jo Scard Pty Ltd,Australian Charities Fund ABN 86 011 282 468
319,Jo Scard Pty Ltd,Carly Ryan Foundation ABN 60 858 926 697 
319,Jo Scard Pty Ltd,Australian Primary Health Care Nurses Association ABN 30 390 041 210 
319,Jo Scard Pty Ltd,Community Sector Banking PTY LTD ABN 88 098 858 765 
319,Jo Scard Pty Ltd,knowmore ABN 67 757 001 303 
319,Jo Scard Pty Ltd,Hepatitis Australia ABN 38 442 686 487 
319,Jo Scard Pty Ltd,Mind  Australia ABN 17 123 159 526
319,Jo Scard Pty Ltd,PANDA - Perinatal Anxiety & Depression Australia Inc ABN 64 063 647 374 
319,Jo Scard Pty Ltd,Australian International Marine Export Group Limited ABN 94 082 384 030
319,Jo Scard Pty Ltd,Sliced Tech ABN 53 165 997  008
56,John C Blackwell,Autodesk
56,John C Blackwell,Ricoh
56,John C Blackwell,Inmarsat
56,John C Blackwell,Datapod (Australia) Pty Ltd
56,John C Blackwell,Eutelsat Asia Pte Ltd
56,John C Blackwell,RooCom Consulting
56,John C Blackwell,NetApp
56,John C Blackwell,Gogo Inc
101,John Connolly & Partners Pty Limited,ANZ Limited
101,John Connolly & Partners Pty Limited,BHP Billiton Ltd
101,John Connolly & Partners Pty Limited,Sydney Theatre Company
101,John Connolly & Partners Pty Limited,Chilout
241,John Cook,Learning and Life Centre
241,John Cook,North Melbourne Football Club
241,John Cook,Casino Management International
731,John McDonald,Paul Mauchline.
78,John O'Connor and Associates Pty Ltd,ROH Automotive
78,John O'Connor and Associates Pty Ltd,CSBP Limited
78,John O'Connor and Associates Pty Ltd,Orica Australia Pty Ltd
78,John O'Connor and Associates Pty Ltd,Sunbeam Foods Pty Ltd
78,John O'Connor and Associates Pty Ltd,Qenos Pty Ltd
78,John O'Connor and Associates Pty Ltd,BlueScope Steel Limited
78,John O'Connor and Associates Pty Ltd,Nufarm Limited
78,John O'Connor and Associates Pty Ltd,H J Heinz Australia Limited
78,John O'Connor and Associates Pty Ltd,Arrium Limited
78,John O'Connor and Associates Pty Ltd,Norske Skog Australasia Pty Ltd
78,John O'Connor and Associates Pty Ltd,Dried Fruits Australia
78,John O'Connor and Associates Pty Ltd,Simcoa Operations Pty Ltd
78,John O'Connor and Associates Pty Ltd,Bisalloy Steel Group Limited
78,John O'Connor and Associates Pty Ltd,Cockburn Cement Limited
78,John O'Connor and Associates Pty Ltd,Australian Paper Pty Ltd
78,John O'Connor and Associates Pty Ltd,Capral Aluminium Limited
255,John Scott Barker,Stornoway
255,John Scott Barker,Font PR
255,John Scott Barker,Cuthbertson Bros
255,John Scott Barker,Veolia Environmental Services
255,John Scott Barker,Houstons Farm 
255,John Scott Barker,Southern Tasmania Fibre Resources Pty Ltd
255,John Scott Barker,Oyster Farmers Pty Ltd
255,John Scott Barker,Gutteridge Haskins  Davey (GHD)
264,"John, Susan Maree",Bioventus Australia Pty Ltd
773,Joint Venture Consulting Group P/L,Chemo at Home
773,Joint Venture Consulting Group P/L,Doking Hr
410,Justine Caines,Danii Foundation
410,Justine Caines,World Vision Australia
576,KENDAL AND ASSOCIATES,AUSTRALIA BRITISH CHAMBER OF COMMERCE
115,KPMG,The Australian Federation of Travel Agents
115,KPMG,Kawasaki Heavy Industries Ltd
115,KPMG,Tourism Shopping Reform Group
115,KPMG,Amazon.com Inc
115,KPMG,Australian Mushroom Growers Association
465,LATAF CONSULTING ,Paydirt Media
465,LATAF CONSULTING ,Australian African Minerals and Energy Group
519,Lawrence Media Services Pty Ltd,Campbell Scholtens Pty Ltd
519,Lawrence Media Services Pty Ltd,Institute of Public Works Engineering Australasia (NSW) 
519,Lawrence Media Services Pty Ltd,Big Picture Vision Pty Ltd
4,Leisure Solutions®,Ecotourism Australia Ltd (Geotourism Forum)
4,Leisure Solutions®,Geological Society of Australia
223,Leonie M. Short,Australian Council of Social Service
223,Leonie M. Short,Public Health Association of Australia
223,Leonie M. Short,Australian Dental and Oral Health Therapists Association
223,Leonie M. Short,DRUG ARM Australasia
223,Leonie M. Short,Central Queensland University
223,Leonie M. Short,College of Oral Health Academics
223,Leonie M. Short,Australian Dental and Oral Health Therapists' Association Queensland Branch
223,Leonie M. Short,Friends of the ABC
223,Leonie M. Short,Australian Hand Therapy Association Inc
223,Leonie M. Short,Australasian Council of Dental Schools 
223,Leonie M. Short,Queensland Regional Training Networks (James Cook University).
777,Lindsay Tanner,Australlian Unity
566,London Agency Pty Ltd,Pathology Awareness Australia Ltd
566,London Agency Pty Ltd,Asthma Australia
566,London Agency Pty Ltd,Abbott Vascular
566,London Agency Pty Ltd,Pathology Australia
13,LOPAC Consulting Pty Limited,Deschamps et Fils
13,LOPAC Consulting Pty Limited,Kongsberg Defence Systems
13,LOPAC Consulting Pty Limited,Kongsberg Maritime
13,LOPAC Consulting Pty Limited,Supacat Ltd
13,LOPAC Consulting Pty Limited,Hughes Network Systems
13,LOPAC Consulting Pty Limited,Orbital  ATK Inc
13,LOPAC Consulting Pty Limited,FORCIT Defence
774,Lunik Pty Ltd,Olympus Solutions Ltd
774,Lunik Pty Ltd,DCNS
774,Lunik Pty Ltd,Electro Optic Systems
774,Lunik Pty Ltd,Online Education Services
774,Lunik Pty Ltd,Regis Aged Care Pty Ltd
774,Lunik Pty Ltd,Ability Options
774,Lunik Pty Ltd,Thomas Global Systems
774,Lunik Pty Ltd,Austal Limited
774,Lunik Pty Ltd,Fr. Fassmer GmbH  Co. KG
1811,Luz Ardiden Consulting,Detmold Group
258,Lyndon George Pty Ltd,Thales Australia
258,Lyndon George Pty Ltd,Thoroughbred Breeders Australia
258,Lyndon George Pty Ltd,Thoroughbred Breeders NSW Ltd
258,Lyndon George Pty Ltd,Hunter Thoroughbred Breeders Association
258,Lyndon George Pty Ltd,Bupa Australia
80,MacGregor Public Relations,Pearl Consortium
80,MacGregor Public Relations,Cubic Transportation Systems
80,MacGregor Public Relations,Stadler Rail AG
119,Macquarie Group Limited,Macquarie Pastoral Fund
578,Making The World A Better Place Pty Ltd,Hear and Say Centre
578,Making The World A Better Place Pty Ltd,Phoenix Eagle
578,Making The World A Better Place Pty Ltd,FairGo4All
578,Making The World A Better Place Pty Ltd,Pacific International Hospital
578,Making The World A Better Place Pty Ltd,APEC PNG 2018 Coordination Authority
245,Marketing Elements Pty Ltd,Domestic Violence NSW
245,Marketing Elements Pty Ltd,National Child Protection Alliance
245,Marketing Elements Pty Ltd,National Council of Children Post Separation
245,Marketing Elements Pty Ltd,Australian Screen Association
245,Marketing Elements Pty Ltd,Lighting Council Australia
425,Maser Defence Pty Ltd,Cobham Antenna Systems
179,McGrane-Fitzgerald Unit Trust,Deflecta Crete Seals ABN 84068618931
179,McGrane-Fitzgerald Unit Trust,RuralSuper Australia Pty Ltd
201,Media Affairs,Technique Solar Group
201,Media Affairs,Ausker Group
201,Media Affairs,Norwood Hall Asia Group
201,Media Affairs,JPG
201,Media Affairs,Manco Recruiters
201,Media Affairs,JPC International
201,Media Affairs,Zouki Group
201,Media Affairs,FTTH Asia Pacific Council
201,Media Affairs,Senko Pty Ltd
201,Media Affairs,Green Power Solutions
201,Media Affairs,CLM Group
201,Media Affairs,enernoc
201,Media Affairs,cambridge weight plan
201,Media Affairs,eco guardian
201,Media Affairs,onj cancer foundation
201,Media Affairs,The Brady Group
201,Media Affairs,Taxi Industry Stakeholders Victoria
201,Media Affairs,Energy Efficiency Council of Australia
201,Media Affairs,Benitec Biopharma
201,Media Affairs,Caravan Industry Association of Victoria
201,Media Affairs,Paradigm BioPharmaceuticals Ltd
201,Media Affairs,Our People 
201,Media Affairs,Neptune Managed Services Solutions
201,Media Affairs,ListCorp
201,Media Affairs,SBE Australia
201,Media Affairs,Australian Sports Technology Network
132,Megan Anwyl,Citic Pacific Mining Management
132,Megan Anwyl,Extension Hill Pty Ltd
132,Megan Anwyl,Atlas Iron Ltd
132,Megan Anwyl,Magnetite Network
132,Megan Anwyl,Youth Affairs Council WA
132,Megan Anwyl,Grange Resources Ltd
132,Megan Anwyl,Iron Ore Holdings
132,Megan Anwyl,Braemar Iron Alliance
132,Megan Anwyl,Crosslands
132,Megan Anwyl,Alinta Energy
132,Megan Anwyl,RPM Project Management 
132,Megan Anwyl,Malya Yutturingu
132,Megan Anwyl,Shire of Ashburton
132,Megan Anwyl,Quintiq Pty Ltd
132,Megan Anwyl,Norwest Energy NL
132,Megan Anwyl,BC Iron
132,Megan Anwyl,Karara Mining 
132,Megan Anwyl,BP Australia
132,Megan Anwyl,P and H Marine Australia Pty Ltd
132,Megan Anwyl,Foundation for Young Australians
132,Megan Anwyl,Town of Port Hedland
132,Megan Anwyl,Brookfield Rail P/L 
132,Megan Anwyl,Vector Advanced Metering Services (Australia) Pty Ltd
132,Megan Anwyl,Australia China Business Council WA
720,MIBD Strategy ,Kurz Australia 
452,Michael Johnson Associates Pty Limited,Arrium Limited
444,Michael Megaw,Aislinn Studios 905 Reen Road Gidgegannup WA 6083
444,Michael Megaw,Coogee Chemicals Pty Ltd
444,Michael Megaw,The Australian Sailor Pty Ltd ACN 140488651 PO Box 643 Wembley WA 6913
444,Michael Megaw,Western Australian Deaf Society
752,MMJ Consulting,Sound Radiology 
752,MMJ Consulting,Readymade Productions Pty Ltd
756,MMR Consulting Pty Ltd,Before and After School Care Pty Ltd
796,Momentum Strategic Communication Services,Dtex
796,Momentum Strategic Communication Services,Transgrid
796,Momentum Strategic Communication Services,McAfee
696,MOUNTAIN MEDIA PTY LTD, IFM INVESTORS
696,MOUNTAIN MEDIA PTY LTD,EOz Energy Skills Australia
696,MOUNTAIN MEDIA PTY LTD,Norfolk Island People For Democracy
696,MOUNTAIN MEDIA PTY LTD,Vision Super
356,Mr John Kindler,Pratt and Whitney Military Engines
677,Naylor Phillip Gordon,Charley's Enterprises Pty Ltd
565,Newgate Communications Pty Limited,Clontarf Foundation
565,Newgate Communications Pty Limited,Sydney Swans Ltd
565,Newgate Communications Pty Limited,The Trustee for Diversified Infrastructure Trust
565,Newgate Communications Pty Limited,Australian Airports Association
565,Newgate Communications Pty Limited,Whitehaven Coal Limited
565,Newgate Communications Pty Limited,Australian Pork Limited
565,Newgate Communications Pty Limited,Australian Private Equity  Venture Capital Association Limited
565,Newgate Communications Pty Limited,Vodafone Australia Pty Limited
565,Newgate Communications Pty Limited,Mondelez Australia Pty Ltd
565,Newgate Communications Pty Limited,Uber
565,Newgate Communications Pty Limited,Foxtel Management Pty Limited
565,Newgate Communications Pty Limited,Bluearth Foundation
565,Newgate Communications Pty Limited,Swisse Wellness Pty Ltd
565,Newgate Communications Pty Limited,Minter Ellison
565,Newgate Communications Pty Limited,Ferrier Hodgson
565,Newgate Communications Pty Limited,Australia Post
565,Newgate Communications Pty Limited,Australian Bankers' Association Inc
565,Newgate Communications Pty Limited,Deliveroo Australia Pty Ltd
565,Newgate Communications Pty Limited,WorldVentures Marketing Pty Ltd
565,Newgate Communications Pty Limited,SME Gateway Pty Ltd
565,Newgate Communications Pty Limited,cohealth
565,Newgate Communications Pty Limited,Port of Newcastle Operations Pty Ltd
565,Newgate Communications Pty Limited,Diageo Australia Limited
565,Newgate Communications Pty Limited,COPE (Centre of Perinatal Excellence)
565,Newgate Communications Pty Limited,Symphony Services Australia Limited
565,Newgate Communications Pty Limited,Pacific National
565,Newgate Communications Pty Limited,Luerssen GmbH CO. KG
565,Newgate Communications Pty Limited,Murray Darling Medical School
766,Next Level Strategic Services Pty Ltd,Adani Mining Pty Ltd
766,Next Level Strategic Services Pty Ltd,Johnson and Johnson Pty Ltd
766,Next Level Strategic Services Pty Ltd,QRE Pty Ltd
766,Next Level Strategic Services Pty Ltd,Cutting Edge Pty Ltd
766,Next Level Strategic Services Pty Ltd,Ardent Leisure Group
766,Next Level Strategic Services Pty Ltd,Betway
766,Next Level Strategic Services Pty Ltd,Australian Super
766,Next Level Strategic Services Pty Ltd,BHP
766,Next Level Strategic Services Pty Ltd,Brogent Technologies
766,Next Level Strategic Services Pty Ltd,Broadspectrum
766,Next Level Strategic Services Pty Ltd,Costa Group
766,Next Level Strategic Services Pty Ltd,Consolidated Properties
766,Next Level Strategic Services Pty Ltd,ITV
766,Next Level Strategic Services Pty Ltd,Gas Energy Australia
766,Next Level Strategic Services Pty Ltd,Pure Projects
766,Next Level Strategic Services Pty Ltd,Remserv
766,Next Level Strategic Services Pty Ltd,Shell
766,Next Level Strategic Services Pty Ltd,QER
766,Next Level Strategic Services Pty Ltd,Queensland Resources Council
766,Next Level Strategic Services Pty Ltd,Westpac
1798,Nexus Asia Pacific Pty Ltd,H and R Block
1798,Nexus Asia Pacific Pty Ltd,Booking.com
1798,Nexus Asia Pacific Pty Ltd,Australian Airports Association
3,Oceanic Solutions Pty Ltd,Navantia
86,Ogilvy PR Health,Merck Serono
86,Ogilvy PR Health,Genzyme
86,Ogilvy PR Health,Celgene
86,Ogilvy PR Health,Bristol-Myers Squibb
86,Ogilvy PR Health,Research Australia
86,Ogilvy PR Health,Australian Pompe’s Association
86,Ogilvy PR Health,Australian Diabetes Council
86,Ogilvy PR Health,CSL Limited
86,Ogilvy PR Health,CSL Biotherapies
86,Ogilvy PR Health,Eli Lilly Australia
86,Ogilvy PR Health,Rare Voices Australia
86,Ogilvy PR Health,3M Australia
86,Ogilvy PR Health,Australian Association of Pathology Practices
86,Ogilvy PR Health,Garvan Research Foundation
86,Ogilvy PR Health,Fitness First
86,Ogilvy PR Health,Johnson and Johnson Medical
86,Ogilvy PR Health,Philips Healthcare
86,Ogilvy PR Health,Biomarin
86,Ogilvy PR Health,Baxalta
86,Ogilvy PR Health,Prostate Cancer Foundation Australia
86,Ogilvy PR Health,Astellas Pharma Australia
86,Ogilvy PR Health,Roche Australia
632,One Degree Advisory,Edith Cowan University
670,Open Spectrum Pty Ltd,Australian Mobile Telecommunications Association
744,O'Reilly Consulting,Waste and Recycling Association of South Australia
744,O'Reilly Consulting,Winestate Publishing
744,O'Reilly Consulting,Impress Media
72,Parker & Partners Pty Ltd,STW Group Ltd
72,Parker & Partners Pty Ltd,WPP plc
72,Parker & Partners Pty Ltd,Australian Veterinary Association
72,Parker & Partners Pty Ltd,Council of Private Higher Education
72,Parker & Partners Pty Ltd,Microsoft Pty Ltd
72,Parker & Partners Pty Ltd,AbbVie Australia
72,Parker & Partners Pty Ltd,Mars Australia
72,Parker & Partners Pty Ltd,Wrigley Australia
72,Parker & Partners Pty Ltd,Mars Food Australia
72,Parker & Partners Pty Ltd,Museum of Applied Arts and Sciences
72,Parker & Partners Pty Ltd,Mars Chocolate Australia 
72,Parker & Partners Pty Ltd,Chiropractors Association of Australia 
72,Parker & Partners Pty Ltd,Australian Olive Oil Association 
72,Parker & Partners Pty Ltd,Sanofi
72,Parker & Partners Pty Ltd,Roche 
72,Parker & Partners Pty Ltd,ANZRP
298,Pavilion Consulting Pty Ltd,GenomePlus Pty Ltd
736,Peter Kane,Australian Meat Industry Council
546,Policy Australia Pty Ltd,Australian Digital Alliance
546,Policy Australia Pty Ltd,Netflix
318,Porter Novelli Australia Pty Ltd,HVP Plantations
318,Porter Novelli Australia Pty Ltd,General Mills Australia
318,Porter Novelli Australia Pty Ltd,McCain Foods Australia New Zealand
318,Porter Novelli Australia Pty Ltd,True Value Solar
318,Porter Novelli Australia Pty Ltd,Yumbah Aquaculture
318,Porter Novelli Australia Pty Ltd,MedHealth
516,Premier State Consulting Pty Ltd,Australian Hotels Association (NSW)
516,Premier State Consulting Pty Ltd,Employers Mutual Limited
516,Premier State Consulting Pty Ltd,Merivale Group (Hemmes Trading Pty Ltd)
516,Premier State Consulting Pty Ltd,Mounties Group
516,Premier State Consulting Pty Ltd,Broadspectrum Limited
516,Premier State Consulting Pty Ltd,The Star Entertainment Group Limited
516,Premier State Consulting Pty Ltd,IMF Bentham
516,Premier State Consulting Pty Ltd,Eastwood Rugby Club
516,Premier State Consulting Pty Ltd,Literacy For Life Foundation
516,Premier State Consulting Pty Ltd,NEXTDC Limited
516,Premier State Consulting Pty Ltd,Compass Housing Services
516,Premier State Consulting Pty Ltd,BlueCHP Limited
516,Premier State Consulting Pty Ltd,Siemens Ltd
1805,Primary Communication Partners Pty Limited,The Butterfly Foundation
1805,Primary Communication Partners Pty Limited,Scouts Australia
1805,Primary Communication Partners Pty Limited,National Eating Disorders Collaboration
1805,Primary Communication Partners Pty Limited,Education Testing Service
1805,Primary Communication Partners Pty Limited,Hunter Institute of Mental Health
1805,Primary Communication Partners Pty Limited,Elgas
1805,Primary Communication Partners Pty Limited,Belinda Mason Photography
1805,Primary Communication Partners Pty Limited,Council of International Students Australia
1805,Primary Communication Partners Pty Limited,Mental Health Commission of NSW
1805,Primary Communication Partners Pty Limited,BOC Limited
1805,Primary Communication Partners Pty Limited,Young and Well CRC
1805,Primary Communication Partners Pty Limited,William Demant Holding Group
1805,Primary Communication Partners Pty Limited,Study Group
1805,Primary Communication Partners Pty Limited,Career FAQ's
1805,Primary Communication Partners Pty Limited,BOC South Pacific
1805,Primary Communication Partners Pty Limited,Triple P International
1805,Primary Communication Partners Pty Limited,Eaton Industries
1805,Primary Communication Partners Pty Limited,Smiling Minds
1805,Primary Communication Partners Pty Limited,White Ribbon Australia
1805,Primary Communication Partners Pty Limited,Gas Industry Alliance
1805,Primary Communication Partners Pty Limited,Cruise Lines international Association Australasia
283,Probity International Pty. Ltd,Elbit
283,Probity International Pty. Ltd,Intech Strategies
283,Probity International Pty. Ltd,Teva Pharmaceutical Industries Ltd
283,Probity International Pty. Ltd,Teva Pharma Australia Pty Ltd
283,Probity International Pty. Ltd,Attentis Technology
283,Probity International Pty. Ltd,Australian National Veterans Arts Museum
622,Profile Consulting (Aust) Pty Ltd,CSC Australia
622,Profile Consulting (Aust) Pty Ltd,Derwent Executive
622,Profile Consulting (Aust) Pty Ltd,Grocon Pty Ltd
622,Profile Consulting (Aust) Pty Ltd,Hobart International Airport
622,Profile Consulting (Aust) Pty Ltd,Metcash Trading Limited
622,Profile Consulting (Aust) Pty Ltd,Smartgroup Corporation
622,Profile Consulting (Aust) Pty Ltd,Property Exchange Australia Ltd 
622,Profile Consulting (Aust) Pty Ltd,National Automotive Leasing & Salary Packaging Association 
622,Profile Consulting (Aust) Pty Ltd,Cystic Fibrosis Australia
622,Profile Consulting (Aust) Pty Ltd,PrecisionGx 
622,Profile Consulting (Aust) Pty Ltd,DXC Technology Australia Pty Limited
127,PRX Unit Trust,Jetstar
127,PRX Unit Trust,Carlton Football Club
127,PRX Unit Trust,Hawthorn Resources Limited
127,PRX Unit Trust,Caterpillar
127,PRX Unit Trust,Maxxia
127,PRX Unit Trust,Kmart Australia
127,PRX Unit Trust,Tyresmart Australia Pty Ltd
127,PRX Unit Trust,Australian Jumping Racing Association
127,PRX Unit Trust,Latitude Australia Holdings
127,PRX Unit Trust,Victorian Transport Association
127,PRX Unit Trust,Contango Asset Management
127,PRX Unit Trust,Caydon Property Group
127,PRX Unit Trust,DPR & Co Pty Ltd
127,PRX Unit Trust,Moore Stephens (VIC)
127,PRX Unit Trust,Johns Lyng Group
127,PRX Unit Trust,Concourse Golf Pty Ltd
127,PRX Unit Trust,Frontstream Asia Pacific
127,PRX Unit Trust,Planet Innovation
127,PRX Unit Trust,Tribeca Financial
127,PRX Unit Trust,Narracan Lakes Partnership
127,PRX Unit Trust,Sweeney Real Estate
127,PRX Unit Trust,TWUSUPER
127,PRX Unit Trust,Value My Business
127,PRX Unit Trust,Prysm Industries Pty Ltd
89,Public Affairs Network Pty Ltd,Campbell Arnott's
68,Public Policy Solutions Pty Ltd,Res Publica Pty Ltd
68,Public Policy Solutions Pty Ltd,Telstra
68,Public Policy Solutions Pty Ltd,Terressentia
68,Public Policy Solutions Pty Ltd,Consolidated Press Holdings Pty Ltd
242,Purple Communications Australia Pty Ltd,WA Independent Power Association Inc 
242,Purple Communications Australia Pty Ltd,Northern Minerals 
242,Purple Communications Australia Pty Ltd,Indigenous Construction Resource Group Pty Ltd (ICRG)
242,Purple Communications Australia Pty Ltd,Australia China Business Council
242,Purple Communications Australia Pty Ltd,The Salvation Army
242,Purple Communications Australia Pty Ltd,Sino Gas & Energy Holdings Limited 
242,Purple Communications Australia Pty Ltd,Centre for Entrepreneurial Research and Innovation Limited 
242,Purple Communications Australia Pty Ltd,K plus S Salt Australia
242,Purple Communications Australia Pty Ltd,Mareterram Limited
242,Purple Communications Australia Pty Ltd,Murdoch University
242,Purple Communications Australia Pty Ltd,Gold Road Resources Limited
29,Pynfall Pty Ltd,Project System & Management GmbH
29,Pynfall Pty Ltd,Photonis Technologies SAS
446,R A Neilson and M Salmon,Penrith Lakes
492,Rachael Sweeney ,Regional Capitals Australia 
492,Rachael Sweeney ,Victorian Wine Industry Association Inc (Wine Victoria)
492,Rachael Sweeney ,Gippsland Local Government Network
14,Ranicar and Nicholls Consulting,Intercorp Pty Limited
14,Ranicar and Nicholls Consulting,Blue Glue Pty Ltd
14,Ranicar and Nicholls Consulting,Acacia Research Pty Ltd
14,Ranicar and Nicholls Consulting,BlueZone Group
24,Repute Communications and Associates Pty Ltd,RichmondPRA
24,Repute Communications and Associates Pty Ltd,Flourish Australia (Formerly RichmondPRA)
24,Repute Communications and Associates Pty Ltd,The London P and I Club 
98,Res Publica Pty Ltd,SpinalCure Australia
98,Res Publica Pty Ltd,Cosmetic Physicians Society of Australasia (CPSA)
98,Res Publica Pty Ltd,Australian Association of National Advertisers (AANA)
98,Res Publica Pty Ltd,Unilever
98,Res Publica Pty Ltd,Coalition for Advancement of Medical Research Australia
98,Res Publica Pty Ltd,Lion 
98,Res Publica Pty Ltd,Cosmetic Physicians College of Australasia
98,Res Publica Pty Ltd,Mojo Power
497,Resolution Junction,Wavlink Incorporated
497,Resolution Junction,Monash Mens Shed
497,Resolution Junction,Richmond Cricket Club Inc
587,Richard Gilbert Corporate Advisory Pty Ltd,Rule of Law Institute of Australia Inc
587,Richard Gilbert Corporate Advisory Pty Ltd,National Australia Bank Limited
35,Richardson Coutts,Merck Serono Australia Pty Ltd
35,Richardson Coutts,Intergraph
35,Richardson Coutts,Boveri Defence Systems
35,Richardson Coutts,McKinsey and Company
35,Richardson Coutts,Jagermeister
35,Richardson Coutts,Royal Caribbean Line Australia
35,Richardson Coutts,Brookfield Infrastructure Group
35,Richardson Coutts,FIPRA
35,Richardson Coutts,Law In Order
35,Richardson Coutts,Sydney Marine Sand
35,Richardson Coutts,Goodman
35,Richardson Coutts,The Institute of Patent and Trade Mark Attorneys of Australia
35,Richardson Coutts,Moorebank Intermodal Company
35,Richardson Coutts,Allocate Software
35,Richardson Coutts,Australian Communications Exchange
35,Richardson Coutts,Sustain Community Housing
35,Richardson Coutts,Goals A and N
35,Richardson Coutts,Partners in Performance
35,Richardson Coutts,Mallinckrodt Pharmaceuticals Inc 
35,Richardson Coutts,GTI Media
35,Richardson Coutts,Emergency Medicine Foundation
35,Richardson Coutts,Magnovate Transportation Inc
35,Richardson Coutts,Hexagon Safety and Infrastructure
35,Richardson Coutts,Tribal Group Plc
35,Richardson Coutts,Bengalla Mining Company
35,Richardson Coutts,Conexu Foundation
44,Richglen Holdings Pty Ltd,Muscular Dystrophy Australia
395,Right Angle Business Services Pty Ltd,Australian Solar Group Limited
395,Right Angle Business Services Pty Ltd,The University Of Adelaide 
395,Right Angle Business Services Pty Ltd,Solar Juice Pty Ltd
395,Right Angle Business Services Pty Ltd,SOLARGAIN Pty Ltd
395,Right Angle Business Services Pty Ltd,Maria’s Farm Veggies Pty Ltd (Administrators Appointed)
395,Right Angle Business Services Pty Ltd,Euroluce Lighting Australia Pty Ltd
395,Right Angle Business Services Pty Ltd,Light Culture Australia Pty Ltd
395,Right Angle Business Services Pty Ltd,Light Project Pty Ltd
395,Right Angle Business Services Pty Ltd,Baker & McAuliffe Holdings Pty Ltd
755,RIPNEY PTY LTD,National Credit Providers Association Ltd
669,Royce Communications Pty Ltd,Basslink
669,Royce Communications Pty Ltd,Steritech
669,Royce Communications Pty Ltd,City of Ballarat
669,Royce Communications Pty Ltd,BSH Home Appliances
669,Royce Communications Pty Ltd,Reclink Australia
669,Royce Communications Pty Ltd,RDA Southern Melbourne
669,Royce Communications Pty Ltd,Crown Coaches
669,Royce Communications Pty Ltd,Portsea Surf Lifesaving Club
669,Royce Communications Pty Ltd,Healthy Australia
669,Royce Communications Pty Ltd,South East Melbourne Group of Councils
771,S Robertson and M Smith,Queensland Dairyfarmers' Organisation LImited
771,S Robertson and M Smith,MPHG Saffair (Qld) Specialist Healthcare Management Pty Ltd
708,Sammway Pty Limited,Appscore International
708,Sammway Pty Limited,WME Australia
685,Sanlaan Pty Ltd,Restaurant and Catering Australia
685,Sanlaan Pty Ltd,Technology One
685,Sanlaan Pty Ltd,Mckenzie Aged Care Group
685,Sanlaan Pty Ltd,Infigen Energy Limited
685,Sanlaan Pty Ltd,Springfield Land Corporation
685,Sanlaan Pty Ltd,Gerard Lighting Pty Ltd
685,Sanlaan Pty Ltd,Bertocchi Smallgoods Pty Ltd
685,Sanlaan Pty Ltd,Italferr S.p.A
685,Sanlaan Pty Ltd,Advanced Warning Systems Inc
685,Sanlaan Pty Ltd,APR Energy
685,Sanlaan Pty Ltd,The Pharmacy Guild of Australia
685,Sanlaan Pty Ltd,SDP Consolidated Pty Ltd
227,SAS Consulting Group Pty Ltd,Prysmian Cables & Systems Australia
227,SAS Consulting Group Pty Ltd,ECA Master Electricians
227,SAS Consulting Group Pty Ltd,BUSY at Work
227,SAS Consulting Group Pty Ltd,Lives Lived Well
227,SAS Consulting Group Pty Ltd,Indue Ltd
227,SAS Consulting Group Pty Ltd,MAX Solutions
227,SAS Consulting Group Pty Ltd,Wanda Ridong (Gold Coast) Development Pty Ltd
227,SAS Consulting Group Pty Ltd,MATES IN CONSTRUCTION (AUST) LIMITED
227,SAS Consulting Group Pty Ltd,China Telecom Global Limited
227,SAS Consulting Group Pty Ltd,Yuanda Australia Pty Ltd
227,SAS Consulting Group Pty Ltd,Tactiv Pty Ltd
227,SAS Consulting Group Pty Ltd,Australian Council for Private Education and Training
227,SAS Consulting Group Pty Ltd,United Synergies
227,SAS Consulting Group Pty Ltd,Waste and Recycling Association of South Australia (WRASA)
227,SAS Consulting Group Pty Ltd,National Trunk Rail 
227,SAS Consulting Group Pty Ltd,Gulf Coast Group
227,SAS Consulting Group Pty Ltd,Australian Cablemakers Association
227,SAS Consulting Group Pty Ltd,Santos
167,Scott & Beaumont Pty Ltd,ConnectLand Pty Ltd; Koppers Australia
167,Scott & Beaumont Pty Ltd,WSLloyd
167,Scott & Beaumont Pty Ltd,Galbraith and Co
1806,Scott Mitchell and Partners Pty Ltd,Telstra Corporation Ltd
1806,Scott Mitchell and Partners Pty Ltd,JBS Australia Pty Ltd
143,Sefiani Communications Group,Yara Pilbera
143,Sefiani Communications Group,Seafarms Group
143,Sefiani Communications Group,Cancer Drugs Alliance
143,Sefiani Communications Group,New Hope Group
143,Sefiani Communications Group,Sinorbis
676,Seismic Asia Pacific Pty Ltd,Norbit
676,Seismic Asia Pacific Pty Ltd,Knudsen
676,Seismic Asia Pacific Pty Ltd,Applanix
676,Seismic Asia Pacific Pty Ltd,Klein Marine Systems
676,Seismic Asia Pacific Pty Ltd,Wartsila Elac Nautik
171,Shac Communications Pty Ltd ATF The Shac Trust,Habitat Early Learning
171,Shac Communications Pty Ltd ATF The Shac Trust,MiiHome Now International Pty Ltd
171,Shac Communications Pty Ltd ATF The Shac Trust,ASF Group
171,Shac Communications Pty Ltd ATF The Shac Trust,MiiGroup Holdings Pty Ltd
171,Shac Communications Pty Ltd ATF The Shac Trust,ATCO Structures and Logistics 
171,Shac Communications Pty Ltd ATF The Shac Trust,Devcorp 
681,Simeon Duncan,Intuit Inc.
681,Simeon Duncan,Intuit Australia
681,Simeon Duncan,Enirgi Group
681,Simeon Duncan,Industry Capability Network
82,Socom Pty Ltd,The Interface Councils
82,Socom Pty Ltd,Rural Councils Victoria 
225,SPIER CONSULTING P/L,KOUNDOURIS GROUP
225,SPIER CONSULTING P/L,AHA
225,SPIER CONSULTING P/L,MANILDRA GROUP
225,SPIER CONSULTING P/L,AUSTRALIAN NEWSAGENTS FEDERATION
225,SPIER CONSULTING P/L,AUSTRALIAN INSTITUTE OF QUANTITY SURVEYORS
239,Sports Hydrant Pty Ltd,AMP
239,Sports Hydrant Pty Ltd,DFA Australia
239,Sports Hydrant Pty Ltd,Virgin Blue Group of Airlines
239,Sports Hydrant Pty Ltd,Eftpos Payments Australia
239,Sports Hydrant Pty Ltd,Professional Golfers Association of Australia Ltd
239,Sports Hydrant Pty Ltd,Australian British Chamber of Commerce
239,Sports Hydrant Pty Ltd,The Big Issue in Australia Ltd
239,Sports Hydrant Pty Ltd,Australian Olympic Committee
239,Sports Hydrant Pty Ltd,Bod Australia Ltd
239,Sports Hydrant Pty Ltd,Paypal Ltd
239,Sports Hydrant Pty Ltd,Deafness Forum
665,Spring Street Advisory,Vestas Australian Wind Technology Pty Ltd
665,Spring Street Advisory,Olex Australia Pty Ltd
665,Spring Street Advisory,Infoxchange
665,Spring Street Advisory,Trustpower
665,Spring Street Advisory,Tilt Renewables
665,Spring Street Advisory,Keppel Prince Engineering
665,Spring Street Advisory,RES Australia
490,Staindl Strategic Pty Ltd,Pacific Hydro
490,Staindl Strategic Pty Ltd,LD Network
490,Staindl Strategic Pty Ltd,Hanson Construction Materials
490,Staindl Strategic Pty Ltd,Latrobe Fertilisers
66,Statecraft,Dimension Data
66,Statecraft,Bouygues Construction Australia
66,Statecraft,Moelis and Company
66,Statecraft,KordaMentha Pty Ltd
66,Statecraft,Yancoal
66,Statecraft,CoreLogic RP Data
66,Statecraft,PreviousNext
66,Statecraft,Grifols
66,Statecraft,Third Sector Strategy Group
769,Strategic Partnership Group Pty Ltd,Fertility Society of Australia IVF Directors Group
769,Strategic Partnership Group Pty Ltd,Linfox Australia Limited
753,Strategic Political Counsel Pty Ltd,Nicoventures Australia Pty Ltd
753,Strategic Political Counsel Pty Ltd,British American Tobacco Australia
753,Strategic Political Counsel Pty Ltd,National Australia Bank Ltd
753,Strategic Political Counsel Pty Ltd,APA Group
753,Strategic Political Counsel Pty Ltd,Group of Eight Universities Ltd
753,Strategic Political Counsel Pty Ltd,Monash University
753,Strategic Political Counsel Pty Ltd,E4 Health Australia
753,Strategic Political Counsel Pty Ltd,NAB Health
753,Strategic Political Counsel Pty Ltd,Aircraft Owners and Pilots Association of Australia
753,Strategic Political Counsel Pty Ltd,Australian Lotteries and Newsagents Association
753,Strategic Political Counsel Pty Ltd,JAR Aerospace
759,Success Group Australia,Carbon Renewable Energy
759,Success Group Australia,AviAssist Pty Ltd
528,SYSTECH Consultants Pty Ltd,Hagenuk Marinekommunikation GmbH
235,The Agenda Group Pty Ltd,Epworth Health Care
235,The Agenda Group Pty Ltd,Principals Australia Insitutute
9,The Canberra Institute,Emirates Trading Australia
9,The Canberra Institute,Australian Agricultural Resources
9,The Canberra Institute,Mulligans Flat Developments Pty Ltd
292,The Civic Group Holdings Pty Ltd and Highchair Pty Ltd,Meridian Energy Australia Pty Ltd
292,The Civic Group Holdings Pty Ltd and Highchair Pty Ltd,Musical Futures Australia
292,The Civic Group Holdings Pty Ltd and Highchair Pty Ltd,Waffle Pod Manufacturers of Australia Inc
292,The Civic Group Holdings Pty Ltd and Highchair Pty Ltd,Bulla Dairy Foods
292,The Civic Group Holdings Pty Ltd and Highchair Pty Ltd,Tilley Soaps Australia
292,The Civic Group Holdings Pty Ltd and Highchair Pty Ltd,Mental Health First Aid
292,The Civic Group Holdings Pty Ltd and Highchair Pty Ltd,Varian Medical Systems
292,The Civic Group Holdings Pty Ltd and Highchair Pty Ltd,CyberGym Global Limited
292,The Civic Group Holdings Pty Ltd and Highchair Pty Ltd,Israel Electric Corporation Ltd
292,The Civic Group Holdings Pty Ltd and Highchair Pty Ltd,Kikki K
90,The Fifth Estate Consultancy Pty Ltd,Visy Pty Ltd
90,The Fifth Estate Consultancy Pty Ltd,Pratt Holdings Pty Ltd
90,The Fifth Estate Consultancy Pty Ltd,Posco Australia
90,The Fifth Estate Consultancy Pty Ltd,Hume Coal
780,The Hon. Kim Beazley AC,AECOM
757,The Hon. Robert Charles Baldwin,Varley Engineering Pty Ltd 
757,The Hon. Robert Charles Baldwin,CTSi (USA)
757,The Hon. Robert Charles Baldwin,Australian International Trade Association and Associates (China)
757,The Hon. Robert Charles Baldwin,Palmer Bruyn Surveyors
757,The Hon. Robert Charles Baldwin,W H Hudson Developments Pty Ltd 
757,The Hon. Robert Charles Baldwin,Est 1840 Pty Ltd
450,The Humphrey Company Pty Limited,AMI International
450,The Humphrey Company Pty Limited,Project Flinders Pty Ltd
450,The Humphrey Company Pty Limited,Huntington Ingalls Industries
768,The PR Counsel,Anatomics
768,The PR Counsel,Anatomics Rx
268,The Premier Communications Group Pty Ltd.,Phebra
268,The Premier Communications Group Pty Ltd.,Astute Training
268,The Premier Communications Group Pty Ltd.,Australian Nursing and Midwifery Federation 
268,The Premier Communications Group Pty Ltd.,Associazione Sportivo Australia (ASA)
268,The Premier Communications Group Pty Ltd.,Bespoke Medical Innovations 
268,The Premier Communications Group Pty Ltd.,Australian Health Manufacturers and Development Association 
268,The Premier Communications Group Pty Ltd.,AA Crown Holdings
268,The Premier Communications Group Pty Ltd.,Southern Expansion Pty Ltd
705,The Shrimpton Family Trust,Fincantieri S.p.A
95,The Strategic Counsel Pty Ltd,Hearing Care Industry Association
95,The Strategic Counsel Pty Ltd,Australian Pharmaceutical Industries Ltd
95,The Strategic Counsel Pty Ltd,Aspen Medical Pty Ltd
95,The Strategic Counsel Pty Ltd,Servier Laboratories (Aust) Pty Ltd
95,The Strategic Counsel Pty Ltd,CSL Limited
95,The Strategic Counsel Pty Ltd,CSL Behring (Australia) Pty Ltd
95,The Strategic Counsel Pty Ltd,Complementary Medicines Association
95,The Strategic Counsel Pty Ltd,AbbVie Pty Ltd
95,The Strategic Counsel Pty Ltd,National Pharmaceutical Services Association
95,The Strategic Counsel Pty Ltd,Seqirus Australia
95,The Strategic Counsel Pty Ltd,Actelion Pharmaceuticals Ltd
95,The Strategic Counsel Pty Ltd,Private Healthcare Australia
95,The Strategic Counsel Pty Ltd,Abbott Australasia Pty Ltd
95,The Strategic Counsel Pty Ltd,BTG plc
95,The Strategic Counsel Pty Ltd,MedAdvisor
95,The Strategic Counsel Pty Ltd,Glaukos Corporation
424,The Taylor Street Consultancy P/L,Lend Lease
424,The Taylor Street Consultancy P/L,NRMA Motoring and Services 
424,The Taylor Street Consultancy P/L,The Dockside Group 
424,The Taylor Street Consultancy P/L,SAP Australia Pty Ltd
424,The Taylor Street Consultancy P/L,Sydney Olympic Park Business Association
424,The Taylor Street Consultancy P/L,Sydney Airport Corporation Ltd
424,The Taylor Street Consultancy P/L,Walker Corporation
424,The Taylor Street Consultancy P/L,Western Sydney Leadership Dialogue
424,The Taylor Street Consultancy P/L,Celestino Pty Ltd
424,The Taylor Street Consultancy P/L,Royal Agricultural Society of NSW
424,The Taylor Street Consultancy P/L,Liverpool City Council
424,The Taylor Street Consultancy P/L,Australian Turf Club
424,The Taylor Street Consultancy P/L,Westline Partnership
424,The Taylor Street Consultancy P/L,Elanor Investors Group
424,The Taylor Street Consultancy P/L,Goodman Group
424,The Taylor Street Consultancy P/L,Leichhardt Council
424,The Taylor Street Consultancy P/L,Western Sydney Rail Alliance
424,The Taylor Street Consultancy P/L,QIC
424,The Taylor Street Consultancy P/L,Crystal Lagoons
424,The Taylor Street Consultancy P/L,Australian Racing Drivers Club
424,The Taylor Street Consultancy P/L,First State Super
424,The Taylor Street Consultancy P/L,Capella Capital
424,The Taylor Street Consultancy P/L,GPT
424,The Taylor Street Consultancy P/L,Carnival Australia
424,The Taylor Street Consultancy P/L,Campbelltown Council
698,The Trustee for Arthur Trust,Engineers Australia
698,The Trustee for Arthur Trust,Accommodation Association of Australia
698,The Trustee for Arthur Trust,bet365
698,The Trustee for Arthur Trust,bet365 Group Limited
698,The Trustee for Arthur Trust,Caltex Australia Petroleum Pty Ltd
698,The Trustee for Arthur Trust,Submarine Institute of Australia
698,The Trustee for Arthur Trust,Kellogg Brown & Root Pty Ltd
698,The Trustee for Arthur Trust,ELAN Energy Matrix
698,The Trustee for Arthur Trust,Association of Australian Convention Bureaux 
698,The Trustee for Arthur Trust,Australian Livestock Exporters’ Council 
698,The Trustee for Arthur Trust,Red Cloud Ltd
698,The Trustee for Arthur Trust,Australian Institute of Family Counselling
698,The Trustee for Arthur Trust,Australian Timeshare and Holiday Ownership Council
698,The Trustee for Arthur Trust,FrontierDC Ltd
145,The Trustee for Bespoke Business Trust,KKR
145,The Trustee for Bespoke Business Trust,Lend Lease Corporation Limited
145,The Trustee for Bespoke Business Trust,GenesisCare Pty Ltd
145,The Trustee for Bespoke Business Trust,BAE Systems Australia
145,The Trustee for Bespoke Business Trust,Medibank Private Limited
145,The Trustee for Bespoke Business Trust,Business Council of Australia
145,The Trustee for Bespoke Business Trust,Anheuser-Busch InBev
145,The Trustee for Bespoke Business Trust,Network Ten Limited
145,The Trustee for Bespoke Business Trust,Chow Tai Fook Enterprises Limited
145,The Trustee for Bespoke Business Trust,Liberty House Group
145,The Trustee for Bespoke Business Trust,Careers Australia Group Limited (Careers Australia)
145,The Trustee for Bespoke Business Trust,ANZ The Australia and New Zealand Banking Group Limited
589,The Trustee for Bespoke Territory Unit Trust,Seafarms Group Limited
550,The Trustee for Connelly Project Resources,Australia Zoo
550,The Trustee for Connelly Project Resources,Holcim (Australia) Pty Ltd
550,The Trustee for Connelly Project Resources,Wesley Mission Brisbane
550,The Trustee for Connelly Project Resources,Maroochydore Sands P/L
550,The Trustee for Connelly Project Resources,Bracalba Quarry (BCC)
420,The trustee for ECG Advisory Trust,Wesfarmers
420,The trustee for ECG Advisory Trust,Cambridge ESOL
420,The trustee for ECG Advisory Trust,Coles Supermarkets
420,The trustee for ECG Advisory Trust,Serco Asia Pacific 
420,The trustee for ECG Advisory Trust,Transurban Group 
420,The trustee for ECG Advisory Trust,Youth Care WA
420,The trustee for ECG Advisory Trust,Peet Limited
420,The trustee for ECG Advisory Trust,Australia Pacific Airports Corporation Ltd
420,The trustee for ECG Advisory Trust,National Automotive Leasing and Salary Packaging Association
420,The trustee for ECG Advisory Trust,Jemena
420,The trustee for ECG Advisory Trust,BP Australia Pty Ltd
420,The trustee for ECG Advisory Trust,TPG Capital
41,The Trustee for Hilton Valley Investment,R_Co Graphics
1809,The Trustee for Jackman Family Trust,The Big Issue
1809,The Trustee for Jackman Family Trust,Home for Homes
1809,The Trustee for Jackman Family Trust,Cooper Energy
28,The Trustee for Markeit Family Trust,Biocentral Laboratories
28,The Trustee for Markeit Family Trust,BioFilm Solutions Pty Ltd
28,The Trustee for Markeit Family Trust,Saab Australia
794,THE TRUSTEE FOR PARSNIP & PARSNIP UNIT TRUST,Australian Reproductive Technologies Pty Ltd 
794,THE TRUSTEE FOR PARSNIP & PARSNIP UNIT TRUST,Karl McManus Foundation
794,THE TRUSTEE FOR PARSNIP & PARSNIP UNIT TRUST,Uncle Jimmy Thumbs Up limited
668,The Trustee for Sandra Eccles Family Trust,The Mirabel Foundation
668,The Trustee for Sandra Eccles Family Trust,BlueScope Steel Limited
668,The Trustee for Sandra Eccles Family Trust,PTTEP Australasia Pty Ltd
668,The Trustee for Sandra Eccles Family Trust,The Salvation Army Employment Plus 
668,The Trustee for Sandra Eccles Family Trust,Wunambal Gaambera Aboriginal Corporation
668,The Trustee for Sandra Eccles Family Trust,Mungalalu Truscott Airbase Pty Ltd
117,The Trustee for the Bowden Family Trust,Group Training Australia
117,The Trustee for the Bowden Family Trust,TAFE Directors Australia
117,The Trustee for the Bowden Family Trust,Advisian Pty Ltd
256,THE TRUSTEE FOR THE KIRCHMANN FAMILY TRUST,Mundipharma Pty Ltd
256,THE TRUSTEE FOR THE KIRCHMANN FAMILY TRUST,ABBOTT DIABETESE CARE
256,THE TRUSTEE FOR THE KIRCHMANN FAMILY TRUST,TEVA Pharma Australia Pty Ltd ABN 169 715 664
256,THE TRUSTEE FOR THE KIRCHMANN FAMILY TRUST,Orpharma Pty Ltd
256,THE TRUSTEE FOR THE KIRCHMANN FAMILY TRUST,Pharma Devices Pty Ltd
691,The Trustee for Weiderman Trainor Family Trust,National Employment Services Association
610,The Trusteee for the SRKM Trust,Shire of Leonora
610,The Trusteee for the SRKM Trust,Shire of Dundas
610,The Trusteee for the SRKM Trust,Regional Development Australia Goldfields Esperance
610,The Trusteee for the SRKM Trust,Goldfields Rehabilitation Services Inc.
610,The Trusteee for the SRKM Trust,Kalgoorlie Boulder Racing Club
610,The Trusteee for the SRKM Trust,Goldfields Voluntary Regional Organisation of Councils
610,The Trusteee for the SRKM Trust,City of KalgoorlieBoulder
610,The Trusteee for the SRKM Trust,Plaza Medical Centre
610,The Trusteee for the SRKM Trust,Artgold
240,The Write Connection Pty Ltd,InterGen (Australia)
240,The Write Connection Pty Ltd,Group of Eight Universities
328,THEMA Consulting Pty Ltd,Shire Australia Pty Ltd
328,THEMA Consulting Pty Ltd,sanofi aventis
328,THEMA Consulting Pty Ltd,Bayer Australia Ltd
328,THEMA Consulting Pty Ltd,Lundbeck Australia Pty Ltd
328,THEMA Consulting Pty Ltd,Actelion Pharmaceuticals Australia Pty Limited
328,THEMA Consulting Pty Ltd,Biogen Idec Australia Pty Ltd
328,THEMA Consulting Pty Ltd,Novartis Pharmaceuticals Australia Pty Ltd
328,THEMA Consulting Pty Ltd,Boston Scientific Pty Ltd
328,THEMA Consulting Pty Ltd,Merck Sharp & Dohme (Australia) Pty Limited
328,THEMA Consulting Pty Ltd,GlaxoSmithKline Australia
328,THEMA Consulting Pty Ltd,Genomic Health Inc
328,THEMA Consulting Pty Ltd,Alcon 
328,THEMA Consulting Pty Ltd,Glaukos
772,Tokua Pty Ltd,Calibre Group
772,Tokua Pty Ltd,Escarpment Group
772,Tokua Pty Ltd,Interclean Pty Ltd
718,Trustee of Kerans Family Trust,Motorola Solutions Inc.
718,Trustee of Kerans Family Trust,Facebook Inc.
680,TSB Advisory Pty Ltd,Macquarie Group Limited
680,TSB Advisory Pty Ltd,Rare Cancers Australia
680,TSB Advisory Pty Ltd,UniSuper Management Pty Ltd
680,TSB Advisory Pty Ltd,Australian Primary Principals Association
680,TSB Advisory Pty Ltd,BMT Tax Depreciation
680,TSB Advisory Pty Ltd,BCA National Training Group
680,TSB Advisory Pty Ltd,PayPal Australia Pty Ltd
680,TSB Advisory Pty Ltd,Novartis Pharmaceuticals Australia Pty Ltd 
680,TSB Advisory Pty Ltd,Rabobank Australia and New Zealand Group
680,TSB Advisory Pty Ltd,CBH Group Limited
680,TSB Advisory Pty Ltd,SAAB Australia Pty Ltd
161,Vanguard Consulting and Services Pty Ltd,Australian Society of Ophthalmologists (ASO)
161,Vanguard Consulting and Services Pty Ltd,Australian Army Training Team Vietnam (AATTV) Association
161,Vanguard Consulting and Services Pty Ltd,Central Queensland Hospital and Health Service (CQHHS)
689,Vicom Australia Pty Ltd,Aeroflex a Cobham Company
785,Victory Edge Consulting,Australian Timeshare Holiday Ownership Council
785,Victory Edge Consulting,Angus Knight Group 
785,Victory Edge Consulting,Alibaba (Australia) Company Pty Ltd
635,Visionary  Enterprising Management Services Pty Ltd,Service Skills Industry Alliance Inc.
635,Visionary  Enterprising Management Services Pty Ltd,Foodland Promotions
635,Visionary  Enterprising Management Services Pty Ltd,IGA (Metcash Trading Limited)
635,Visionary  Enterprising Management Services Pty Ltd,The Fourth Force Pty Ltd (trading as Drake Supermarkets)
635,Visionary  Enterprising Management Services Pty Ltd,South Australian Independent Retailers Inc 
793,W.J Wilcher Pty Ltd,PBA Imports ABN 12101366885
793,W.J Wilcher Pty Ltd,AMBROSE Gillian
793,W.J Wilcher Pty Ltd,BUTCHER Steven
793,W.J Wilcher Pty Ltd,COLLIBEE Stuart
793,W.J Wilcher Pty Ltd,DANG Tranh Tam
793,W.J Wilcher Pty Ltd,DAWSON Paul
793,W.J Wilcher Pty Ltd,DEAN Jay
793,W.J Wilcher Pty Ltd,FLICK Bradley
793,W.J Wilcher Pty Ltd,GAVAN Anthony
793,W.J Wilcher Pty Ltd,GOULD Kent
793,W.J Wilcher Pty Ltd,HANLY David
793,W.J Wilcher Pty Ltd,HEAZLEWOOD Owen
793,W.J Wilcher Pty Ltd,HOVER Greg
793,W.J Wilcher Pty Ltd,HOY Steven
793,W.J Wilcher Pty Ltd,LASCELLES David
793,W.J Wilcher Pty Ltd,LASCELLES Narelle
793,W.J Wilcher Pty Ltd,MANSELL Martyn
793,W.J Wilcher Pty Ltd,MEDLIN Matthew
793,W.J Wilcher Pty Ltd,MOLCHANOV Dmytro
793,W.J Wilcher Pty Ltd,MOLCHANOV Oleksiy
793,W.J Wilcher Pty Ltd,JOHNSON Graeme
793,W.J Wilcher Pty Ltd,OWEN David
793,W.J Wilcher Pty Ltd,RUTELEDGE Stephen John
793,W.J Wilcher Pty Ltd,SAUNBY Terry
793,W.J Wilcher Pty Ltd,SMITH Louise
793,W.J Wilcher Pty Ltd,SMITH Nigel
793,W.J Wilcher Pty Ltd,THOMPSON Jason
793,W.J Wilcher Pty Ltd,TOWNSEND Glenn
793,W.J Wilcher Pty Ltd,WERE Gail
793,W.J Wilcher Pty Ltd,WHATMAN John.
793,W.J Wilcher Pty Ltd,MORRIS Matthew Karl
793,W.J Wilcher Pty Ltd,MOLCHANOVA Natalia
793,W.J Wilcher Pty Ltd,MOROZ Craig Anthony.
793,W.J Wilcher Pty Ltd,STANFORD Brett F
793,W.J Wilcher Pty Ltd,Covenanter Arms
793,W.J Wilcher Pty Ltd,EDWARDS Michael.
793,W.J Wilcher Pty Ltd,SULLY Robert
793,W.J Wilcher Pty Ltd,GOZZARD Mark
793,W.J Wilcher Pty Ltd,HATSWELL Robert
793,W.J Wilcher Pty Ltd,WADDELL Stephen
793,W.J Wilcher Pty Ltd,HANGER Christopher
793,W.J Wilcher Pty Ltd,NEWPORT Danny
793,W.J Wilcher Pty Ltd,VAN DOORN Eugene
793,W.J Wilcher Pty Ltd,HILLS Keenan
793,W.J Wilcher Pty Ltd,MAYNARD Heath
793,W.J Wilcher Pty Ltd,WATSON Evan
793,W.J Wilcher Pty Ltd,WILTON Mark
793,W.J Wilcher Pty Ltd,DUNNE Jack
793,W.J Wilcher Pty Ltd,BLAND Cameron
793,W.J Wilcher Pty Ltd,BIRD Jason
793,W.J Wilcher Pty Ltd,ATKINS Justyn
793,W.J Wilcher Pty Ltd,FERRERO Shaun
793,W.J Wilcher Pty Ltd,SUTTON Chris.
793,W.J Wilcher Pty Ltd,MILLER Neal
793,W.J Wilcher Pty Ltd,VAFIAS Demitri
793,W.J Wilcher Pty Ltd,TAN Daniel
793,W.J Wilcher Pty Ltd,WOODSELL Michael
793,W.J Wilcher Pty Ltd,CRAWFORD Andrew
793,W.J Wilcher Pty Ltd,CRAWFORD Lindie
463,Walker Watterson Holdings Pty Ltd,Nutanix
463,Walker Watterson Holdings Pty Ltd,BIS Shrapnel Pty Limited
463,Walker Watterson Holdings Pty Ltd,Avaya Australia Pty Ltd
463,Walker Watterson Holdings Pty Ltd,Motorola Solutions Australia Pty Limited
463,Walker Watterson Holdings Pty Ltd,FireEye Inc.
463,Walker Watterson Holdings Pty Ltd,Desire2Learn
463,Walker Watterson Holdings Pty Ltd,Dimension Data
463,Walker Watterson Holdings Pty Ltd, CIENA AUSTRALIA PTY LTD
463,Walker Watterson Holdings Pty Ltd, Intercad Pty Limited
463,Walker Watterson Holdings Pty Ltd,12D SOLUTIONS PTY LTD
463,Walker Watterson Holdings Pty Ltd, FIREEYE AUSTRALIA PTY LTD
463,Walker Watterson Holdings Pty Ltd,Skyfii
463,Walker Watterson Holdings Pty Ltd,Dell Boomi
463,Walker Watterson Holdings Pty Ltd,Vertiv Co 
97,Wayne Smith,Renewable Energy Traders Australia
97,Wayne Smith,REC Agents Association
97,Wayne Smith,Australian Solar Council
97,Wayne Smith,Greenbank Environmental
97,Wayne Smith,Australian Energy Storage Council
503,WELLS HASLEM STRATEGIC PUBLIC AFFAIRS PTY. LTD.,Zurich Financial Services Australia Limited
503,WELLS HASLEM STRATEGIC PUBLIC AFFAIRS PTY. LTD.,Sonartech Atlas Pty Ltd
503,WELLS HASLEM STRATEGIC PUBLIC AFFAIRS PTY. LTD.,British American Tobacco Australia
503,WELLS HASLEM STRATEGIC PUBLIC AFFAIRS PTY. LTD.,Black Dog Institute
503,WELLS HASLEM STRATEGIC PUBLIC AFFAIRS PTY. LTD.,Nicoventures Australia Pty Limited
503,WELLS HASLEM STRATEGIC PUBLIC AFFAIRS PTY. LTD.,The Smith Family
503,WELLS HASLEM STRATEGIC PUBLIC AFFAIRS PTY. LTD.,James Hardie lndustries plc
503,WELLS HASLEM STRATEGIC PUBLIC AFFAIRS PTY. LTD.,ThyssenKrupp Marine Systems Australia Pty Ltd
503,WELLS HASLEM STRATEGIC PUBLIC AFFAIRS PTY. LTD.,MGC Pharmaceuticals 
503,WELLS HASLEM STRATEGIC PUBLIC AFFAIRS PTY. LTD.,Silver Chain Group
503,WELLS HASLEM STRATEGIC PUBLIC AFFAIRS PTY. LTD.,Alexion Pharmaceuticals Australasia
503,WELLS HASLEM STRATEGIC PUBLIC AFFAIRS PTY. LTD.,Asbestos Injuries Compensation Fund
503,WELLS HASLEM STRATEGIC PUBLIC AFFAIRS PTY. LTD.,Fairview Architectural Pty Ltd
584,Willard Public Affairs Pty Limited,Vertex Pharmaceuticals (Australia) Pty Ltd
584,Willard Public Affairs Pty Limited,Zoetis Australia Pty Ltd
584,Willard Public Affairs Pty Limited,Tolmar Australia Pty Limited
584,Willard Public Affairs Pty Limited,ATEC Rail Group Pty Ltd 
584,Willard Public Affairs Pty Limited,eBay International AG
584,Willard Public Affairs Pty Limited,AIA Australia Limited 
584,Willard Public Affairs Pty Limited,Ken & Helen Smith T/A KR & HC Smith
584,Willard Public Affairs Pty Limited,David & Terena Pitt T/A EW & DA Pitt
584,Willard Public Affairs Pty Limited,Alan & Dianne Peglar O/A AN & D Peglar Pty Ltd
584,Willard Public Affairs Pty Limited,Australia India Youth Dialogue Limited 
584,Willard Public Affairs Pty Limited,Caltex Australia Petroleum Pty Ltd
584,Willard Public Affairs Pty Limited,Eastern Domestic Violence Service Inc. (EDVOS)
584,Willard Public Affairs Pty Limited,U.S. Chamber of Commerce
584,Willard Public Affairs Pty Limited,Medicines Australia Ltd
591,WILLIAM R & SUSAN V HASSELL,Nicolas Julien Staelens
591,WILLIAM R & SUSAN V HASSELL,Jean Marc Staelens
591,WILLIAM R & SUSAN V HASSELL,Christel Nicole Francine Staelens
591,WILLIAM R & SUSAN V HASSELL,Lucas Staelens
751,Woodhill Communication Pty Ltd,Sirtex Medical Limited
751,Woodhill Communication Pty Ltd,Ruralco Holdings Limited
751,Woodhill Communication Pty Ltd,Society of Interventional Radiologists
737,WORD TUCKER PTY LTD,ENPHASE ENERGY
641,Wurley Group Pty Ltd,Edwards Lifesciences Pty Ltd
641,Wurley Group Pty Ltd,Globus Medical Australia Pty Ltd
